,A,B,C,D,E,F,G,H,I,J,I,J,K,L,M,N,O,P,Q,R,S,T,U,V,W,X,Y,Z,AA,BB,CC,DD,EE,FF,GG
0,-0.7644183872288963,0.10577925850092923,0.27537383349191263,0.15321273871270844,0.23237632565258506,0.11428505866299443,0.2823050008474699,-0.12445766670708336,0.02090872396942809,0.18627046134401257,0.02532348808076448,0.20356840666372947,0.019544544977927233,-0.016261780912892473,0.0697063473334926,0.022407793286298106,0.044134767608965085,0.006930415480943147,0.1113942147423364,0.016357077303641988,-0.01307350917174638,-0.06173642294773737,-0.06651827241820103,0.009518122412299334,-0.03070828545202356,-0.03431361200299216,0.010130774153311331,0.004679537532468375,-0.02556158804239492,-0.02922026553859967,-0.07754213789619362,-0.00949474177988048,-0.026190799024135965,0.021113003101786543,0.0307803416980677
1,-0.4534265582717177,-0.8450700986905073,0.2279998856367679,-0.44169265221276705,0.03378676669324481,-0.17854625561685583,0.05835381182578814,-0.13288318152276393,0.20898487603939017,0.20470113190100955,0.09723077894516652,0.05520920175439616,0.02481985395584816,-0.18462131252125677,0.09917182492654085,-0.11234736732494745,-0.09045632438678744,0.06454076099938567,-0.032124092282540914,-0.11530364833491512,0.06309890623469822,0.033867830760205095,0.043684500491583116,-0.05080862887245519,-0.044302249093482654,0.010927722544262114,0.09526948713115112,-0.041759195200123715,0.055307480399727806,-0.03663121580178554,-0.022728695059970085,-0.04023630602446935,-0.012825673093235866,-0.006776796061904851,-0.0007308750185464896
2,0.47222328045592704,-0.5741879101617753,-0.5136789395420402,-0.3300061424332652,0.4601158828997301,0.26510646923878745,-0.15621356487656293,-0.19503648473296759,-0.09006694395035185,-0.2145201991159675,0.1065701127971811,-0.06643000771067496,-0.3133978005917134,-0.12983149262227847,-0.18021366034123107,0.0647387056736229,0.19631927488313225,0.07855173771350417,-0.020272347538948424,0.16209892126667402,0.009504980170915884,0.11125623359672893,0.06746865671798595,-0.03419421636736215,-0.011397046036459626,0.032095157582740785,-0.056174778875968105,0.11087371595012968,-0.004904164337775059,0.03886154686592822,-0.11734223035071417,-0.01820020654233841,-0.007889588231183783,-0.04310219823529126,0.05584529048093473
3,-0.5785651530769018,-0.22031435437763694,-0.271368528816272,0.7399657041053286,-0.08970880168276511,-0.31090530277548084,-0.06856022617885557,-0.20293005443710957,-0.025004035348017577,-0.06113869792909461,-0.16505011382161985,0.07722243260113333,-0.05921812869911791,0.03889715616441344,-0.07631434530039277,-0.03218508874781491,-0.05634542579074106,-0.063615458273608,0.05693446120171307,-0.030562861188420266,-0.009027177617128415,0.06262433192795278,0.08215951254059842,-0.03225578136248397,-0.030852077033614984,0.014063777823091235,0.044751261237982086,0.008109025629385336,-0.03144809226919082,0.020378931281171873,0.001500441563113644,0.010989943360352954,-0.04319363929210588,-0.03558458779682453,-0.02265088523289876
4,-0.008684680641564765,0.4448649075979697,-0.035664265509817,0.5949576468273473,0.1220887685205627,0.5669213341905991,0.4635763087943408,0.3174701107171159,-0.24024874908103702,0.14632986309236196,0.003497077036090247,-0.07884160267607561,-0.15761326559726233,0.12702898078912497,-0.011029392471404971,-0.14012617058142882,0.17551253838458672,-0.09408072044633821,-0.10167952023677104,0.1312932280763108,0.032093081045690273,0.017964346683777527,0.09024456957059432,0.08442379118237102,0.06858562317565119,0.026026106251734453,-0.14165836615774335,-0.15897507325495017,0.0038022361962493393,-0.09259025739746053,0.09390607538378046,0.26535566998838633,0.02677050041046327,0.24304855569244094,0.03830292500521579
5,-0.7809291667280925,0.527363978502109,0.26020884208753847,-0.004512804882832129,0.13114590022867834,0.04466975240599528,-0.14034078578639697,0.0431644581629006,0.022643244588343256,-0.06363583908195669,0.00987656889434756,0.037607828367041345,0.004255375250508565,-0.12026946871366839,0.009036748789887602,0.05326778191673136,-0.01347385235157772,0.033197865259020264,0.011062008352780204,-0.007091436168567339,-0.009962025136354852,0.00811528961484838,-0.010620174356796885,-0.021763770872821574,0.0053240643108806805,-0.004009128200310254,-0.00843415151519733,0.02161728458109543,0.004504858246740737,0.01660192771589236,-0.010608832908073632,-0.01927567740577118,-0.013491947999745913,0.0006457444084151873,-0.008535668037413938
6,-0.33516946790650387,0.2225184211868588,0.14116384291345302,-0.2597243714001518,0.025855617087983063,-0.05567473813891339,0.4291973446506386,-0.015854019885659425,0.12085763487407657,0.24659846632691249,-0.01849668465307167,0.1423449189455418,-0.100533950659014,-0.08554292940535228,0.0665235612568716,0.1107267404740412,0.047745424572823665,-0.0017768455817168025,-0.036130129264103826,0.033870024189027334,0.018479587184039536,-0.0021292645770573013,-0.17476857012279562,0.040836340946326696,-0.010951732154603062,-0.1451999406414979,-0.07861082016095078,-0.14771617449848934,-0.006309038734220248,0.00787393563382742,-0.08820475049252145,0.08128356226176091,0.10561555703095099,-0.08179865749011883,0.001959599946366672
7,1.9170341097769694,-0.39447558970641305,0.455992275320309,-0.6909129221565133,-0.2084090490670515,0.15633825002507223,-0.43004257117751626,0.09230979667043479,-0.41029460874216167,0.8588397688746515,0.21019300429957213,-0.17631409563323427,-0.15597205127226327,0.16819332830342923,0.256667714625478,0.2193779549630373,0.11986190101992246,0.20760085928060254,0.14514440399774442,0.24746596295824963,0.49303269380221104,0.04683739380927095,0.34759791131382056,-0.03740012674204825,-0.33775710664873365,-0.1057924551716367,-0.004700980964053227,0.30143001142887665,-0.13526487334520718,-0.11048211833910461,0.1667244505225486,-0.01786531735425237,-0.36454921956883357,-0.09445243281665135,-0.006901812950817321
8,0.8041338402960279,0.04792487640614165,-0.2812593296303353,0.09034885405134198,-0.5248818605815145,-0.3881278455396594,0.1100239802581641,0.038126785656970856,0.01093043296087452,-0.1550388059291198,-0.1803124611641549,0.12814649039182668,-0.03824829465642,-0.20143823310197465,-0.5294723955645794,-0.21641106943516975,0.007327732618040338,-0.16654149236592478,-0.08171791579814393,0.07672939353157487,-0.3324474628395613,0.0562593158878104,0.16015469410991495,-0.20818586645041734,0.04868020105230734,-0.06497060111524723,-0.033058401393613136,-0.00668364111310815,0.14474231900087084,-0.1186406451166412,-0.18902919596409096,-0.044712238318086225,-0.09028724824949741,0.07117372222378035,-0.009071502065954841
9,1.5151654179682044,0.27396697539898596,0.07803474851131675,0.8153863199845458,-0.5948043279963569,0.27688180408619245,-0.4441815119671915,-0.06884027259803475,0.48012944223109144,-0.0845352712150684,0.7585928822356031,0.3016428431588021,0.008695288518027013,0.08981936826380472,0.04333663873857342,0.06089559531378819,0.08421698110354137,0.028761695251339845,0.06529964050915753,-0.006754516355714923,-0.1258422062924516,0.02331435059950137,0.02570215316992605,0.07482140129150823,-0.02810734467834342,0.0644588755344178,0.03209060708192279,-0.06160832980547876,0.01826132822171509,0.011593916527899543,-0.06112438969316079,-0.009144674800623417,-0.013007685305182051,-0.005647979357329136,-0.05548285358685548
10,-0.9305230589622074,0.22576662703386302,0.3295037087545449,0.08589376896148462,0.1628135649590801,0.0764403977465181,-0.3246455654014103,0.16002807732644056,0.02168939343868171,-0.06391763342242567,-0.013455029345181209,0.005866115908916162,0.063695813873498,-0.10547805145416594,-0.036049698825288926,0.07030180707918673,-0.02647168840462977,0.042481058768156076,0.0011989627798714042,-0.027910902614303956,-0.011073340207381193,-0.0041823053530771785,-0.017462200897921984,-0.029601147411911558,-0.015268581753755879,0.031257984538648975,0.008379885237282402,0.003589705689900067,-0.007736863060210417,0.011895667017776636,0.0007937323060904328,-0.010743377101054816,0.008729762926068467,-0.029844903430399236,-0.023182670074857456
11,-0.015047300163177051,0.6729841185143484,0.31471413992744013,-0.345158069898139,-0.3730095012008589,0.12591504362744482,-0.19959141469616068,0.14118005953855356,0.052468294755989506,0.1424509173741241,0.12299774245482581,0.05459740297475459,0.05869975196681153,0.10361088180116962,0.018637113428918432,0.04984846557574913,0.02715040002423493,0.07757776020933807,0.03309284227222877,0.09804372101733864,0.0994592384282459,0.0726984867935998,0.08847760103653733,-0.07798435260405519,0.024433197751743553,0.07368473185953778,-0.11352208376016704,0.05378646758614045,-0.033179881613640064,0.003943574698266237,0.062345962702245315,-0.0367800187277573,-0.004794465857637672,0.07722663388650461,0.11911838529876807
12,-0.7239929617669326,-0.7947013898318839,-0.11066208619057004,0.20929998318989085,0.17688521056642392,0.475919135223587,0.10049106900999845,0.03001056818451104,-0.02107610737726723,0.1178260680947026,0.03467871585140187,0.12339067372312656,0.07549492717462761,-0.12249209570058642,0.1119313967372283,-0.05394301867948345,0.06370217736666738,0.07631844356304812,-0.06123281661903863,-0.0063428428220808734,0.0016490519993797403,-0.045842636120691706,0.013925033727302437,-0.009325868232009604,-0.020046735905256827,-0.0032991068109601345,0.0017173335732097133,-0.09349371602780644,-0.0032301895419451,-0.03748605012356905,-0.01403644569337,0.0327936489612731,-0.015263217683671976,0.05504898793196975,-0.0009031820252867681
13,-0.383149120631294,0.04790936852830612,0.16461004910837923,-0.13980571827058724,0.046316046127798625,-0.2596404332797954,0.2927623280913891,-0.1804220126857291,0.011649879550616228,0.029293353181237627,0.10624680452696357,-0.06453875159097197,-0.028509494546182308,0.005958911825418492,0.05104363652809337,-0.028049806058247136,0.11319635659600338,0.05578794753544879,0.002493576113907016,0.02500695856524429,0.04692860825197988,-0.016517737536438048,-0.053424237147710475,0.02931882980437738,0.00238255105333299,-0.021964882122421432,-0.04127618090726177,-0.0752461878686217,0.02285306559558836,0.014702594728176819,0.030621828402846434,0.033170655249486196,0.01853751403884954,0.057357273967841765,-0.018093497083153477
14,-0.620700939123412,-0.6198033059849258,0.32306070187189734,0.11454881310575887,0.20032282032860108,-0.3516859421556865,0.14669081469473982,-0.2938838944182326,0.09644522220771377,0.19017197658424848,0.04580991750749303,0.17880414142121248,0.030025968635504455,0.017166721091670847,0.043023040598143124,-0.0039813079207907205,-0.05710754800729328,0.02097350219818906,0.057363057855378936,0.04820335148676958,-0.01824397869719277,-0.0031322519355970265,-0.021548109861399132,-0.024888148017583326,0.002111295478369973,-0.04549101700458027,0.010188810051725339,0.02969124657824276,-0.0310424983863953,-0.010667349544457283,0.0013664550419017366,-0.04587883088620352,-0.08878828004650927,-0.0006468322487793859,-0.02876197028126669
15,0.5903021937468799,-0.5944247496472526,-0.37300204355742,-0.432635515348856,-0.3324025205273171,0.21937922807849058,-0.1010985295661416,0.21196962777574888,-0.015087486410284633,-0.04320694839879429,-0.19126172230964822,0.04780959097245344,0.34848525831287086,-0.053808030715197644,0.1025527527288312,0.35383450711461123,0.07434324701604995,0.06686195587667225,0.13667478834097815,0.15817021068368353,-0.03142391976170294,-0.03105018213941311,0.21037815997231216,0.4403304659540594,0.26463429670952837,-0.19268832904151534,0.050347070870284144,0.0752093336517956,0.2614037728628938,-0.044979249153974145,0.09978412033978819,0.017651559421915593,-0.1367305238114668,-0.013009787244819063,0.08022962358704123
16,-0.9064667666976256,-0.8591336318287622,0.4995061686271417,0.2831993190908347,0.2846822818325287,-0.06230816496379368,-0.07649183827030334,0.11022311232107843,-0.027868694490748722,0.3035141528872165,0.1743491871501541,-0.09492805865209857,0.10767896918967967,0.0823355399990447,-0.012697726983619284,-0.09486987266667635,-0.07834789656729384,0.05442092716817202,0.009234103402843833,-0.02670516849911538,0.001638795077386904,0.08902506778775204,0.06605248758915476,-0.018232034905992334,-0.013823023464466589,-0.00852820383678781,0.056304056402166396,0.054201441925914806,0.08224117629331254,-0.02967944528801933,-0.06539438653463299,0.021488090346642615,0.05570450897470475,-0.03306741966451074,0.08402637072511374
17,0.7650963685323845,-0.531409002603506,-0.3573542849442512,-0.5036386662236205,-0.13948074198403215,0.6182821604603299,-0.5085113915957035,-0.5541027201883947,-0.20560817516296928,0.3756192189251575,-0.1532455828843518,9.105244687114124e-05,0.05644812880885526,0.36721546447358155,-0.09071822054175774,-0.027424915633236898,0.04762539260469315,-0.06452534173051692,0.04403578101043475,0.07874816655034086,0.14192407574511534,-0.27308578008954415,-0.03887601508258653,0.013959398885802157,0.03067879487673868,0.04282813245920465,-0.01814006591691745,-0.011394885689128166,0.11123236235974988,-0.022119483091728086,-0.0004384099417128654,-0.025762990020590626,0.014479608097993904,0.001412674727550356,-0.09009118092509692
18,-0.480732931733969,-0.767111637825161,-0.3075715005996533,-0.3481079348541971,-0.3733276015527997,0.10348745148805139,0.19958423037465722,0.29159281283211363,0.08598226900505045,-0.030225064568470877,-0.025966150530076188,-0.11308389669017704,-0.06324338975438223,0.10431365814349727,-0.10218467036434525,-0.02178029382170816,0.04271936678935864,-0.06983158249170883,-0.12773022258912953,-0.009382585350297545,0.023841803846737963,-0.0376500960477042,-0.014970514366658602,0.0033737678315142526,0.03634866880517016,-0.005337857285702677,-0.03626279321028744,-0.04566500225367411,-0.017681019302561857,-0.013569362547186619,0.0014288768681125755,0.015940970960214452,0.012292158942298974,0.011204723156409437,0.012183933607335638
19,0.3619770631707843,-0.6319808964854879,-0.5276679599115224,-0.37322547160609787,0.04147782896294692,0.3250485305386115,-0.12944958553811617,-0.1635558405558737,0.003978455664657385,-0.12425179866065093,-0.07509775863998777,0.05251873073443004,0.05869109241503144,-0.07753950500438667,-0.013652314892080419,-0.022493020590682002,-0.07708761200115222,-0.006129312703074095,0.00508304248173472,-0.0816475068809036,-0.09575337679546056,0.07422943110542352,-0.05858546148518966,-0.019683334257669327,-0.032410527686307665,0.04750706442136077,0.10560870060515568,0.01432243430532244,-0.08360948689263469,0.026419107613226956,0.021878084794611816,-0.0009956773178321561,-0.04309361810034556,0.019038700640049894,-0.04345074601760768
20,-0.4862361053434706,-0.7918252170507238,-0.3903059877601833,0.07451124210665003,-0.013696271623184252,0.2673428061321323,-0.139499459012458,-0.09893134598064295,0.02524745506725235,-0.11818287560725187,-0.08851007815493062,0.17270192869216347,0.0641856192357768,-0.19231006015128854,0.08786148884186992,0.018324243139205495,0.00729375228975078,0.05906383897785016,-0.07728972960439819,-0.052969928437516675,0.018290050358742645,-0.05688211465679192,0.014458686652094729,-0.03501532238752536,-0.017758939660142078,0.01921249864098387,0.012713922143544647,-0.04338363650761155,-0.032669631908415944,0.0007269673642132932,0.014787042819245253,-0.016747009702965596,-0.053642149928002036,0.009328093363584323,-0.03890334124193898
21,0.5837712955254044,0.4173367483349753,-0.5901743384842362,-0.1007676637816257,-0.20141705856511743,-0.12991474077935167,0.05824825808959737,0.20922589681250658,0.12879173178139075,-0.06771222766239109,-0.0961906840365152,-0.06152313771765675,0.04446607460381699,-0.03596909113072315,-0.17300021292245094,-0.20780677875568845,-0.1357709878727391,-0.050490460921114075,-0.11094773856984251,-0.07379303836480103,0.08286631571461411,0.06569769346403485,0.036728417572225155,0.009057751806003572,0.035574894213551825,-0.044749050735479766,-0.08034421059039627,-0.07593966958117912,-0.03870666413751092,0.02674114716869858,0.03910758997193931,0.006746092866454201,0.0023932454513833773,0.043463645364527875,-0.07913016683378513
22,-0.5946449097616617,-0.8046570254883016,-0.3132754895150111,0.10906403402000543,0.000529487160496735,0.23292926553246043,-0.1586146062786098,-0.003470510794888233,-0.03832648623159835,-0.16386029080428227,-0.0681622655715875,0.10967153647044309,0.09538122530573291,-0.06151091663653021,0.043463195257559165,0.1251463854366582,0.10167118550888714,0.02511550623468285,-0.10714569817799625,0.0030607410456644116,-0.023090815629383095,-0.10003582890333496,-0.042231538838838276,0.016975410848020338,0.018840730208116174,0.012916672761447109,-0.06149182809153695,-0.010138879171735511,-0.08219180349294852,0.03194008965931937,-0.014751892611166691,0.003157111814335185,-0.04013184438756567,-0.0027515974446865113,-0.021599051832678656
23,2.6044214711496187,-0.3084721505742012,1.7104270130575177,0.16082501865717846,-0.28294553690879654,0.46322277469217654,0.416228061796012,0.02862370386862332,0.03583442101982462,-0.23393048015765355,-0.3057449758017644,-0.3133336711847645,-0.0712937180274436,0.10217612537162268,-0.07419210635447351,0.019784547306841507,-0.10122352297852173,-0.06822000318110305,-0.03752632508280302,-0.04417877219963747,0.03641034881448546,-0.02187986558888084,-0.06122026571393728,-0.026493568227647157,-0.0020567475462078583,-0.06968451939970784,0.037250835266865796,-0.014918927797398146,-0.002587912997431519,0.0042271017902343055,-0.023061296006801946,-0.036052571770982894,-0.03556647788327594,-0.01817066766813441,-0.03216978329577963
24,0.1614861881585878,0.4633537941555305,-0.5060156497363062,0.03618158106210157,-0.02294768640919964,-0.10155204456688079,0.17080154311923143,-0.01874933496587302,-0.006968993826975311,-0.15662979097981045,-0.055032672074532114,-0.14474203311545555,-0.14430030787701154,-0.025067515160816567,-0.12285781303227905,0.0019331743207832285,-0.0031431112994924435,0.10262435532229636,0.010549267947684564,-0.009927601086705085,0.1056276004467912,0.09582626025392303,-0.0331196117736944,0.007100886596940202,-0.07443670324438516,0.0015231704820568924,-0.0887259696233598,-0.09877536912024845,0.03522445849987021,0.0699133830848075,0.1178063105176297,0.054740964890875175,0.09362602378763889,0.07882799306383716,-0.05182371352776187
25,1.2463465685141215,-0.5174323732688745,0.38345605274019806,-0.11024828163491998,0.6304682253434243,-0.2807795031390974,-0.201700812518327,0.04569399312271798,-0.05149085534788843,0.05772688284515457,0.02581263469635756,0.2303374486045146,-0.13358879142475047,-0.22990102413928776,0.10049696811669133,-0.04077909177891155,0.15900854436934622,-0.15541236096159672,-0.0884355760432071,-0.02583284184181812,0.0992579107496854,0.02288673474572244,0.10657911314527944,0.39353988491920977,0.24305426634974986,0.21544955185867323,0.037057064748209384,0.1263344960569712,0.0043193478448766654,0.3047156006697038,0.14293555016150988,0.06058785944773379,0.22439676183556156,0.08231547625104854,-0.028571273847033354
26,0.1352853865755831,0.8004236651437955,-0.05149905345192177,-0.6273009941863171,0.3348836224657272,0.23236755158421943,-0.3643832655779945,-0.496348138328595,-0.11424941758223338,0.10700393654563718,0.031109993096541912,0.010269581123998272,0.3010266440020792,0.363650685284949,-0.11247835314155866,-0.19015728484593739,-0.2685202445786587,-0.29351312096705645,-0.15749205032525698,-0.20942283764028852,-0.30513213272674994,0.15491451497698902,-0.09613341470770395,0.07076772789929359,-0.04987334973285501,0.00541529149606407,-0.008057751893747515,-0.07289671538924573,-0.183656637522986,-0.037190547397693126,0.03950913944566803,-0.04758834781391396,-0.14480357387424603,-0.0574966880803643,0.04941428746194222
27,-0.2617532408928866,0.2133096151254856,0.14627601074050695,-0.11730405736284368,0.2648553179212888,-0.013474013095396989,0.36773145343372393,-0.13926036016891932,0.18864590057565583,0.13344070821124798,-0.022035035248593002,0.12898585401432036,-0.0058797278088324615,-0.14337557731472073,0.10571689041935477,0.006162043769512376,0.15707111163464677,0.05595962170220011,0.02684119964075644,0.0527009270775768,-0.007450476756655839,-0.007054293472908536,-0.1412794283918286,0.05586952508041851,-0.052882137232912296,0.029977116947898955,-0.026144480206628736,-0.09801488845515159,-0.04267287751378223,0.023387298181685456,-0.011354930250308325,0.05712190459952839,0.015507648757513962,0.06211158471229259,0.0435753613785308
28,-0.6706093999969942,-0.8700117251665815,-0.1943565994956023,0.29222001234876066,0.08126681833613371,0.2812080605784004,-0.10725994065573537,0.029772893900860083,-0.0750875157093426,0.004770099037913175,-0.01801055848273049,0.044523487455479384,0.05669598431087047,-0.021930937353746873,0.05545361918898405,0.03065551821888346,0.06125525094386662,0.048182671788468155,-0.09108552286543603,-0.01914446453261034,-0.011358129853403327,-0.0748861626852715,0.0017719081807600014,0.018532890935395,2.2450082182515954e-05,0.030557790282946664,-0.08064615319407069,-0.07578535863757854,-0.043658495656404187,-0.017125551137070386,-0.021911149763106756,0.0657517131496572,-0.04167409963354535,0.021936570782369585,0.01329065699640919
29,-0.009638661918216251,0.47379172262166064,-0.314204256014504,0.32941444953461624,0.18028754613063103,0.005761771740757114,0.4257245180938057,-0.16800483238551256,0.1885566767821589,0.0786159641910564,-0.1807238941908996,0.2654348820778697,0.08784533078548958,0.128484699153891,0.132443053238433,0.18458799133799367,-0.01769452740749959,0.034511439239711714,-0.08834235972863015,0.14566332939858168,-0.015626913724299044,-0.205928481480137,0.21743181514995394,-0.15621716608458175,-0.04490724903163363,0.23952583386320803,-0.18849616663097166,0.061031165434642466,-0.12013244385375904,-0.13515521121674762,-0.264350465145803,0.1742463167431469,-0.0931080995682624,-0.07579830096075901,0.15101785646432372
30,-0.5458360633770782,0.07071167640828481,-0.39242756008280877,0.63363402649924,-0.10895180343065429,0.03048140303318641,-0.18685300214822315,-0.11401545799845118,-0.04572693939176354,-0.05543186201783924,-0.16607467237488402,0.05222759709310483,-0.03836737588209452,-0.1126276254716424,0.051247832156552556,-0.011227315695734378,-0.15459883518509754,0.006917922404346153,-0.04125401080448554,-0.1231236770175473,0.07867865616478624,0.040823572411549214,0.035962975027890885,-0.008872840718486659,-0.057346138869929605,0.005320009534508654,0.03405996794215768,-0.07387289338165,-0.03205239699933574,-0.06555426700050525,0.026157904151455056,0.07966577381911726,0.02644382241882998,-0.029911669942470062,-0.026239542810469384
31,-0.6901001310727274,0.430507398979024,0.2739420728685145,-0.22182077595717914,0.09651029719201602,-0.11485106609572877,-0.17930058911755234,-0.024252887469361998,-0.07791813152605005,-0.21742394697133957,0.11202402454945616,-0.09602925276527591,0.020271670947371933,-0.04668613366001006,0.04651760023216587,0.12454024595666828,0.08886349624452881,0.03823067183694526,-0.054122827873590226,0.026708188237358734,-0.0371113897400876,-0.04732389733421705,-0.034493854395363906,0.027966021200169073,0.06796449408998878,0.007215844618963658,-0.0710639784202816,0.017756849701408794,-0.018944065987443942,0.03452828920419527,-0.018875692048608263,0.011020748539516088,-0.006734748248550016,0.010750619946316152,-0.04332341980930659
32,-0.1707853882168699,-0.5196547814352713,0.2907420985596959,-0.3189793413610461,-0.0950028029417083,-0.5042255323301879,0.39550106215546527,-0.04672551754934005,0.22257136449430093,0.13504397960871486,0.01249883587742688,0.07724257189858699,0.013419621566316443,0.0038770400701502433,-0.04162441898440606,-0.10950924662694182,-0.04163190869544706,-0.06765187150550907,0.00957313416816544,0.0782082650521413,-0.016520341675221456,0.02052856417184792,-0.09898914270479844,0.021607981711492627,-0.014316980659340783,0.01805525001141779,0.012299553268300933,-0.03725532929934877,-0.04583036986122163,-0.030795740867940423,0.060714345142991046,0.021484552397119855,-0.05386408694716884,0.012802133424260155,-0.0011009668510438136
33,-0.5982673838548461,1.06488387773359,0.22233463602252987,-0.25207127293063275,-0.2540100105766609,-0.08402381906852073,0.31892865674130844,0.1610728132318,0.14694330493616445,0.012511475988627927,-0.04070028313250309,-0.15748461360183386,-0.2026432408846781,-0.04417539423596825,0.04939716066262199,-0.13770502834627013,0.08999273930866818,-0.131688900865289,0.020921443436067312,0.05292200266459201,0.047592630786105566,0.08953443262239881,-0.06584363983585485,0.13601798641968518,0.043073731290290795,0.12528433490634291,0.03572803182826332,-0.0033528440779305793,0.04647998462860322,0.017297898208745437,0.029606816422708005,-0.014470854514183163,0.043196255178882835,-0.04522422289406513,0.02742893799952386
34,-0.8593810629492249,-0.9161727078409099,-0.06871351572801478,0.3159529791104501,-0.037307041016887046,0.3051496639149737,-0.00030564739136823934,0.4107336356475965,-0.023452080376139897,0.10042573967975871,-0.011333004787213462,-0.10862435244513019,0.033611504061194064,0.1617072279886881,-0.1391734478893464,-0.04702544103955513,0.024575024639989517,-0.038208161544880076,-0.07844296827944713,0.01532348180427193,-0.013993260595475418,-0.014760219474257905,-0.00023547945291256013,0.0072253535892265585,0.024132388915029637,-0.0016466599062751389,-0.009305276700963172,0.007984461578383938,0.009906834749064989,0.006428080707774984,0.011582444595063279,-0.0420999855263132,0.028028063076459556,-0.03308623514040879,-0.01740971039609279
35,-0.636392892314221,-0.8349356218398245,-0.2572005466954071,0.2944857499719197,0.05976433535147423,0.24424939015565622,-0.1925900509665969,0.021353460753073962,-0.08343297415806689,-0.07989706645305736,-0.049931412313260794,0.05354615768138744,0.08834178883462901,-0.058221976958887166,-0.013280309933527782,0.04926726563854633,0.19258800302122803,-0.0009597395629080135,-0.08660493980311132,0.02590677875042048,-0.08253787530335309,-0.019455075921481498,0.021091266577690396,-0.04573346554652978,0.0014052666911866984,0.005703816996184064,-0.026813474749070254,-0.0794673819903042,-0.04074598198267181,0.004824629027481319,-0.06901158309010277,0.08885461706758588,-0.026961804804598866,-0.018540582435743108,-0.01387139144695683
36,0.7560860946149627,0.5516137714941883,-0.4746390100185932,0.3761317111498308,0.24343573380253244,-0.017526601688732282,-0.09412353223448969,0.02406741728424216,-0.20740274869627026,0.057482967977146866,0.20664400540896047,-0.02618149435712271,0.06397479382220606,-0.23283779189332626,-0.06087503541980871,-0.03844178219155618,0.1464804624661036,0.0036423423624836653,-0.2612968296791543,-0.04394012492339594,0.15037019059990936,-0.017364087743556456,0.02598274894552476,-0.13296236726257557,-0.11808545144441766,-0.13858187499157198,-0.0198205288479156,0.17159646742089335,-0.1735489723113454,-0.010787131714992985,0.07158316316912552,-0.026838100469336424,-0.1580317355054338,0.06751968619116157,0.0602905183382815
37,0.1883406531131401,0.3238215106304362,-0.631135147916505,0.037404991787168086,-0.08017218557130731,-0.12394159074253036,0.024807483110990815,0.12649326480695142,0.06913403374288045,-0.19146604536776715,-0.10144689718107863,-0.0937719269929539,0.151848313974254,-0.16876998546887745,-0.14210994320964634,-0.2783021150903559,-0.07467567936128804,-0.07615563102461742,0.3963623427195074,0.03414427047986434,0.2551211738739763,-0.044864751102116726,0.12265025169911181,-0.03952396683152469,0.10620627549832332,-0.1885223287468473,0.0631115125637892,-0.08866636819569043,-0.2660455354962252,-0.06178745785907594,-0.10850509856895722,0.021940135127585633,0.12648948463329876,-0.018748883608090607,-0.07695017231813318
38,-0.3284407751213162,-0.6134825441462085,0.33786792755374495,-0.38177173651484647,-0.16586716067959015,-0.5898005121992064,0.2642415961518441,-0.13275674319387215,0.01196670915977317,0.009187000712795788,0.1779377133552725,-0.22848439826810452,-0.01170433425648792,0.08967275605241397,0.10762192816398462,-0.04488587184705783,0.10277183416352281,-0.13665117500159504,-0.01637743229253213,-0.005943160921507907,-0.02658157371708899,0.006410902075033237,-0.03059695661131552,0.13198187729977803,0.0836130960774291,0.09529271487478419,-0.011062583633842328,0.026956861425011778,0.010646376187766596,0.0027057702893181533,-0.03203084319022389,-0.0119508480764501,0.04653149036496742,-0.027945527214206116,-0.000339502296497457
39,1.43972216245001,0.7483935365274367,-0.9864399167415142,0.15736740343993008,1.2391424909141961,-0.08932067365848924,-0.007593541556125024,0.1702469556649988,0.47799671378322817,0.03790347521479959,0.1386911042511179,-0.6732700506664521,0.45960420220138853,0.27182476634153385,0.02299706947272275,0.06812344542619422,-0.05730772041598713,0.04269683939349419,-0.3351234796054292,-0.03793155260086958,-0.011137594569232861,0.1716154303916119,0.03623889596188931,-0.23389528895544387,-0.36397368332677466,-0.09889931880418154,-0.20684521946643789,0.060982730484580715,0.05038899223589382,0.19784170563986328,0.12227694946837353,-0.12628675116625193,-0.1648011973516797,0.24113706709625,-0.16520039081444599
40,-0.8286118936857517,0.17003780690773526,-0.1399410211364705,0.520398685754943,0.1417213205698442,0.5553528372624387,0.45965312108855116,-0.04822332083902898,-0.17230874989955702,0.11991987861354202,0.08386002241129277,0.03261692354145536,-0.07745420222967833,-0.03194781376855752,0.1552304001061102,-0.1553364260618426,0.1162223665378615,0.061536693131919215,-0.0023193429824567425,0.08288772134456329,-0.006012701644057858,-0.04722940734709675,0.025416353331803834,0.04775998759656078,0.02932740004467792,-0.023357590406130446,-0.027204165025670624,-0.08354735241014112,0.059419985596711765,-0.003428846772341853,-0.013163066855959485,-0.030522865245389785,-0.009405229240892349,0.034325308188454855,-0.017713430547839547
41,-0.054135302160579796,-0.6078275044220467,0.2620180247248997,-0.4162368878852451,-0.1496543121809966,-0.48150536202326005,0.10938929629278069,-0.008420312090356631,0.14317972915496846,0.03449937976698896,-0.01584810852921038,-0.07907809506502533,0.0030270310490189876,0.01404530016324977,0.10375303463931097,-0.050060401194009896,0.14092526195799127,-0.13042608450567017,-0.007108341827359948,-0.011563734842514549,0.005215590604605773,0.044871371408465775,-0.09748145979319846,0.1895692337589503,-0.02383296177307989,0.18821821663666274,-0.015215230372652913,0.007622140956054925,-0.0171152899873413,-0.016780613191440127,-0.02837219299063544,0.049853664134718034,0.032254980646463406,0.029645381162863256,0.050746012198431674
42,0.7609728965729639,-0.02043678996447665,-0.19452562579599866,0.5284117004512828,-0.11353899302931521,-0.28607643133202476,-0.1013168415578726,-0.15747298788661693,0.026089624125950513,-0.14045535462021244,-0.23417451357072847,0.19834678325259483,-0.05911576757943498,-0.38301639924613484,-0.20547023243177048,-0.15576950892700375,0.07016146629745984,-0.22260618565004323,-0.11555073507034988,0.0504482606467785,-0.21812097147521423,-0.00907700948147857,0.0583437132004451,-0.01753006057251826,0.05320201692220151,0.0676788177793117,-0.06243762726277197,0.009387438564188602,0.11112470284884331,-0.08089359635614791,-0.051135598066490255,-0.024193729889000048,-0.00956048671051395,0.052707996890805145,0.0581661999941809
43,1.372332434231044,0.1886554014261443,0.2188343173986838,1.1523297780084139,-0.4712934077780834,0.38913364058442873,-0.5211693465264503,0.06990557872298872,0.43250995286896177,0.025628218987470412,0.7419111819732,0.26283191977871917,0.03248116500712697,0.17321570080740176,-0.0018824419973487944,0.026538176242847527,0.07131469813709417,0.008313853796341357,0.07492253258982336,-0.0010848625328191096,-0.11091003658898152,0.06932297601710004,0.06182220833154124,0.09146111699173749,-0.04758036760230159,0.09806720874598475,0.008762104616913933,-0.12906240160145777,0.007392533252449041,-0.06670512368477526,-0.020612280219757178,0.14597913486872874,0.0005264363793961724,0.09188155378596743,-0.045095626839937175
44,-0.9157712960178551,-0.8397411986628129,0.017326784351666583,0.23722563203055044,0.05184984394916566,0.5099870238708758,0.17982874873337698,0.41419588651266626,0.026708599039635045,0.2590841208252441,0.03467403090774658,-0.045016771764144516,0.020867436786350644,0.08540395660626199,-0.08605292837736409,-0.12863998822047795,0.0181186473662439,0.004618539163273643,-0.05443667827095623,0.018261953557110782,-0.008130894274568026,-0.011918110292526447,-0.0018659164472972934,-0.016690876960834548,0.007360808207930449,-0.03385320360370623,0.03420011176135494,-0.009701895497170597,0.05978416715830933,-0.0060553255645619565,-0.018275080242521998,-0.09875757064828354,0.03475192593812422,-0.04839664776714728,-0.00797580404965325
45,-0.1968914237559492,0.46467722758113567,-0.3392634115308138,0.029478356461414845,-0.06696085818981581,-0.08950151104261377,0.5948340753556287,-0.15550063238761944,0.21445238392257146,-0.053138916598889405,-0.18654539102312812,0.17179909975668795,-0.009112961172439605,0.07904948389649093,-0.024693416089351293,0.15037284822162753,0.028314180150247257,-0.006306521682042626,0.008813406441693664,0.06055187628738205,-0.024635104486081378,-0.03715189380998469,-0.06935922935875513,-0.05802739092691681,-0.060272622398049425,-0.04735748612597945,-0.02941738376194854,-0.05179666408576506,-0.08042747438008419,0.027509283565910717,0.02557816162006313,-0.0288113906441948,-0.028509210640639472,-0.0029370757072526843,0.043795115768558913
46,-0.5864468724407405,0.6900794959473717,0.1910478272077594,-0.11800338935018025,0.08333098497971876,0.03539514576510263,-0.05935178443164195,-0.05653960287126984,0.062464417928417504,0.016733604602435025,-0.041220649079928236,0.04284967731450509,-0.08338716383438395,-0.09208904987964434,0.04866990412050754,0.03841525612397482,0.016680932348022134,0.024833141835258258,0.09565205387170712,-0.04422259009934347,-0.019650934252500543,-0.05527319416465569,-0.050824542431875085,-0.03416915823715745,0.01667550036066927,0.014753194010847178,0.015163371310404853,0.017311599433250058,-0.006215055527298887,-0.016920008362598927,-0.03157658002983325,-0.006419440718090852,-0.05704132393560793,0.03747560294924304,0.008725191124221768
47,-0.8774026323062902,-0.7988112947301617,0.5794963220584505,0.4119803987563153,0.271945400474756,-0.33945779452811026,0.0013227191065223083,0.007175735094939162,-0.16278670470181353,0.21910724797209494,0.24175158368334493,-0.21101193923352535,0.07943491313999486,0.26632244553698914,-0.04049021678189595,-0.04100340940379228,-0.000940604403834491,0.011417427741390977,0.01140300333258429,0.06625157055740788,-0.0408109721497135,0.07225382876519121,0.05015134972440775,0.047182161607576795,0.05870545455633966,-0.011239092298738242,-0.024783356160883303,0.09932665589445656,0.06372676516256633,0.014855062565113139,-0.0450962635060327,0.0005008508513594482,0.0400910698958256,-0.03584166475914341,0.03733683297621851
48,0.6792187042596391,-0.5649419912256727,-0.2588241849804037,-0.46511105454903773,-0.5800698783469442,0.37568817997395004,-0.24255236654119497,0.05600542130532326,-0.32893380663757943,0.48381713922047537,-0.08538919473319138,-0.009640383714457811,0.047639876636343656,-0.03165813771016099,0.27187817845201107,0.36722889685100635,-0.11374930642374001,0.004894807992294921,0.02912497534938107,0.45206539090002323,-0.05495069757428862,-0.11558063883872917,0.17755521301517915,-0.06224392919568639,-0.026359360750963318,-0.09386119398966777,0.026974329392553446,-0.004185655089827541,0.017598144349046396,0.2884320472076945,0.005974129860273492,-0.00027068688694949504,-0.12188031580200478,0.14947286389392225,0.059661711786380106
49,-0.5169771791007999,-0.7210952993343334,-0.2653494695066133,0.07489898281802132,0.025680629149297432,0.23543292286178694,-0.06934276139456301,-0.11671859186259588,-0.1116294957842967,-0.13160455677459465,0.028364406385853774,0.03794048188392894,0.05950529613441343,-0.09014270489466585,0.11427185484261791,0.05578709190418079,0.10978953420883426,0.05717229980091638,-0.11335315950735689,0.012622663430084953,-0.006807740291906863,-0.07957300226481542,0.0011922088491236153,0.02578766273895812,0.040682918402874246,0.013322032299030671,-0.07044946715362266,-0.053447126940916405,-0.023311475007511136,0.0018624721855241867,-0.001409221748122784,0.008429247231662024,-0.025359708868828768,0.021630518095532052,-0.05880800888326115
50,-0.9227061883867588,0.4912562916971044,0.37322928225780666,0.2879732297698126,0.23349521121803457,0.11956524832804047,-0.12165797462277268,0.027538905752019845,-0.04609111720831597,0.06777920506069277,0.046541135042130526,-0.013297864683613738,0.017545475306957273,-0.11537235898290141,0.07010156288737598,-0.058503849912485084,-0.061558450982811264,0.0622598736640024,0.0456744246103765,-0.018590447367072237,0.01567521310322006,0.07847439372551349,0.06915092052971193,-0.02162004564613109,-0.03685115887986501,0.041230754465514316,0.009108468304237411,-0.06996433611696286,0.04313151485166042,-0.06235270605577908,0.011247378448147195,0.14358621835978744,0.012157763576890307,0.0941482479450154,0.04240688087559741
51,2.6780253622672636,-0.5889338838616573,1.5544333108197141,-0.15125145567462947,-0.3866188622238484,0.4867948341892286,0.15296551910373646,0.07024918623442875,0.10154381918194094,-0.34852535668102985,-0.30226210099594447,-0.3425722855041938,-0.024078496745989986,-0.09202509164733005,-0.039901185798967086,0.001384577276770049,-0.1759703078102041,-0.02875011051515871,-0.09784142023526872,-0.1571124058752484,0.05116374812611056,-0.023321186067769846,-0.01941908835551444,-0.08879281223095259,-0.024253240539134798,-0.045736680477084075,0.10325505612744236,-0.015476571934288913,0.04194765503964483,0.028474787757816162,-0.02463187070350432,-0.1133113355433543,-0.015921116991287343,-0.08092054854342837,-0.04990573697754554
52,1.612345650370628,0.33890212454481566,0.005804843389763836,0.3795436995942407,-0.9227570591000364,0.1566936180243266,-0.230419507855873,0.14926451191673068,0.5926520118252994,-0.07934732483049789,0.7548088872475226,0.16904429209040253,-0.09138570569775106,0.20741871084333766,-0.0815916007488819,0.023345938682376843,0.05925785420528916,-0.048621061005079874,0.03812202815612061,-0.008709190283205099,-0.09823062279387487,0.035819733852761194,0.010472409613116601,0.05732623532463168,-0.007844856146811914,0.031044574976404282,0.04582497817936803,-0.047991972846028616,0.03834409970223472,0.012377407114503566,-0.05334851016919026,-0.038509333133563174,0.013248045827629729,-0.019734816319922632,-0.043241961707337045
53,-0.7827476160292897,0.5605715907284153,0.2617696564210644,0.006488113581234224,0.11917480408364699,0.028848585902960293,-0.04317531830693599,-0.027824610250531723,0.006858690864769103,-0.007526517849198819,0.06053243576441992,-0.008996398530612263,-0.028913062472876422,-0.16647812131887024,0.0839686160862719,-0.04127047763161837,-0.05052117787596388,0.06223695389122982,0.022384581064404236,-0.04402890652405046,0.011089750792499548,0.034524374843239274,0.04454005765248469,-0.03330493293592485,-0.008034979313048038,0.010139713728687657,0.019823290178131687,-0.04764970420981916,0.0464469462650594,-0.01879341341194292,-5.652911750776694e-07,0.04802041269026725,-4.211950818535596e-05,0.04467526221193695,0.006105260647052647
54,0.5765615987518812,-0.5238650569951375,-0.5754890824701479,-0.714638025591868,0.5433618319318652,0.47622533116672966,0.19181726787583725,-0.13286384986509436,-0.12844233267924549,0.005714916071399579,0.14219613944177273,-0.04929653102829447,0.030902906307172122,0.05018759987265272,-0.09217876099736703,-0.022024151888301122,-0.13857767519476374,-0.2459271744508016,0.3901082028745936,-0.16346277070648946,-0.10066589608496794,0.1502284573720649,-0.1888522479859107,0.07074214216944254,-0.23827557048344553,0.18327378365265132,0.04859529665254017,-0.017152332560930125,-0.05046180192979506,-0.10928014068927161,0.03347783075152572,-0.013207392164650228,0.09733864524897731,0.05331823889183611,-0.048663586753012356
55,-0.8338555285309426,0.6230388550946856,0.2806552171032583,0.08096053807807109,0.12761571472477556,0.07017848863997701,-0.041985753475360196,0.06943984830754878,0.02873092156277643,0.030669333168337545,-0.021183191890187334,0.04365215693338876,-0.024271399785454832,-0.06595358554358081,-0.005189399188108986,0.027954920075536804,-0.027459307398383932,0.0008341080527609217,0.113821793980443,-0.03172846101433408,-0.023735544486842508,-0.01354785967307976,-0.04193736570663613,-0.03303088784307718,-0.016464902671605556,0.012242210575314813,0.006897256222232487,0.022812128815250212,0.006483804354377177,-0.011765710312798161,-0.019626837744666815,-0.0189580163794111,-0.013132367235674026,0.007722697969120118,0.013072225124222625
56,-0.8059394028586886,0.52175175016012,0.2639370235844179,-0.007674247050642853,0.11138442407670444,0.03079483830238645,-0.14327274754348437,0.0557384671044701,0.00978339118563915,-0.08688049727353706,-0.015351181171632214,0.06753646745588168,-0.0024677083089081615,-0.08827679943431643,0.053374323640363236,0.033929220612718934,0.007276341040899606,0.0528200723473697,0.011271364218304934,-0.0037656538463053868,-0.0028645591915505515,0.013684632588892496,-0.014297998365265376,-0.023011610383009636,-0.035261061257976886,-0.011924830205269427,-0.0001428834148600534,0.008372635960381047,0.03204131544501914,-0.007926374008045651,-0.043188596391384504,-0.0189769246926207,0.004560756449274732,0.029423035354962053,0.009828721765530228
57,0.5069073866704903,-0.6186792529508177,-0.5377487266295617,-0.47534820025831837,0.19119720969246204,0.21348330643593902,-0.063460913488226,-0.03986316803403186,-0.07528555326158737,-0.26330577111638775,-0.023081114179916314,-0.03502530690214785,-0.09337549269004243,0.014284081804936063,-0.13065322062130738,0.0925677422908743,-0.10880683570732783,0.061275817760310734,0.015788776120798927,0.1666838794974445,0.01753584957603182,0.09438318897196686,-0.1008880076477123,-0.014818485643338064,-0.041630392753810135,0.024838229169393846,-0.07410085037786113,-0.010823505021244541,-0.05952064199400806,0.04213892368724491,0.08101969251731699,0.09501390652869979,0.1249208011405399,-0.05574276999229681,-0.040122136189536625
58,-0.6409114273460061,0.4473395590281452,0.13459908256177033,-0.2414862984678499,0.08352064047863084,0.10618915289004355,-0.23887367309759186,0.16962771568917837,0.14746819220739618,-0.14748110032143177,-0.1638620676549819,0.275397845032003,0.039390417054553345,-0.1460989737445517,0.03251017891190717,0.07877101880785142,-0.031005028850012602,0.07742310617659445,-0.02824789931947681,-0.03411413221567409,-0.011978827873392987,0.005178211220653411,-0.06199902514854638,-0.025909304719392987,-0.17066126834589926,-0.043428677050673964,0.024299719326694263,0.023117183569172937,0.03847876343220119,-0.034843439410303635,-0.14212426294156374,-0.028296651647478563,0.011066194524792582,0.11611294996299901,0.056754000663832314
59,1.5688941447824658,-0.6527063262231363,0.4723419395849812,-0.3173518825552001,0.586206191243356,0.06120690425000969,-0.2591479240493293,0.03821222228537516,-0.08938604221263492,0.4884721520031462,-0.11785602803102886,0.19862718201767307,0.11321767016760768,-0.2285394011336942,-0.03961950518739443,-0.18225991694065904,0.1354627915454818,0.35765543773795994,0.1837649267595316,-0.33203112863794143,-0.017727647592564448,-0.23772928751820574,0.4431853877640562,0.3330488272046146,-0.3946150658834501,-0.07030460160209688,-0.1075181288813524,-0.19319376037269725,0.03683748212941504,0.2753950850148749,0.29204350806251494,0.04307405599365541,0.21525617807427394,-0.11125997600301932,-0.0847212057152332
60,-0.2512120703146331,-0.5838393433086485,0.13582480950233763,-0.15627849344524772,0.007300073234540645,-0.5735988381512248,0.09626167984779119,-0.17617636359839228,0.05131431930800512,0.1300808023624984,0.08970259016814236,0.006765196267593113,0.037315774887505995,0.056156147423778786,-0.05008146915398299,0.06574906772494225,-0.03407573028790969,-0.053883616949012524,0.11911446519854553,-0.056531151165896854,-0.009023725793333636,-0.04044724998174403,-0.051530999198050986,-0.06289866224077452,-0.07880391043763901,-0.02129146255643043,-0.028045144981214486,-0.06401424590348868,0.0038892657622336233,-0.029822106025637167,0.04206027896146068,-0.016385552381971685,-0.03878264759246956,0.07504741468973494,-0.05295649162330529
61,1.0604878494978518,0.0687716704363761,-0.30680092423079525,0.23207468852909546,-0.744167296215389,-0.3363884514714572,-0.11278645205294913,0.18084467804107227,-0.0049644411564456516,0.4298314009693798,-0.29189194146602865,0.06449122494184528,0.11694034488382328,-0.26631407866845797,-0.004381541449820553,0.0755061774269094,-0.12144710812709093,0.14957481527624578,0.08547702443923305,0.10638907583758432,-0.3501576762400877,0.01014750972062228,-0.00776970798748108,-0.062646183990678,0.21819956338023108,-0.04356278959690126,-0.12228917925434828,-0.09177592977903398,-0.07509092248820011,0.040666658135081,-0.27540133046593007,-0.06362539658268729,0.12470258941548637,-0.06293470214257055,0.07529539499949765
62,-0.09990445711982483,0.7248632610732691,0.21710075629945652,-0.37550788968068544,-0.054795379743848474,0.020623697713698368,-0.2930658916728389,-0.5131102913891347,-0.13651645127124792,-0.12703228929716695,-0.03968047201943617,-0.0819432901290067,-0.006462949337134315,0.05108666519361416,-0.16287616589229306,-0.1660131790770129,0.22038685923028745,-0.11620561826965928,-0.09130557581643488,0.07737180168656892,-0.0847636712541835,-0.046872398472250984,0.041966540628387325,-0.14963634569693018,-0.016244374706575398,-0.027357743658011857,0.07763129433801438,-0.0725340558404839,0.08806167361709752,-0.021038797515800463,-0.10232726310698002,0.03732525222343426,-0.0360114445100399,-0.12431247235582885,-0.007605560574371766
63,0.3378954645592689,-0.6851835559599895,-0.3945562820689053,-0.48462817806225084,0.12329056667151408,0.3290285191841452,0.010821629736494651,-0.16976555431063337,-0.009774774124508601,-0.4414509941272381,-0.07867144595882573,-0.08314376829701377,-0.21713760683765637,-0.1817328975978579,-0.31125292249696135,-0.11074098747250193,0.17206914299871556,-0.04759131925303676,0.010204033487152327,0.24885782083772676,-0.23697157907834612,0.2493857826219019,0.05543076734778272,-0.194618840425914,-0.12186444200555943,0.06566902091350474,0.15590652034258773,-0.0743817574097666,-0.071183729518404,-0.03108801866797663,-0.14837693764461246,0.05321599461936246,0.053942404365373585,-0.20683560193372913,0.08916556390513804
64,-0.2500873907485548,-0.5395163841872096,0.10632324820384866,-0.2727186125741454,-0.0477680953139036,-0.5604760548856995,-0.07208374750091351,0.07753968687020951,0.11797158842402704,-0.18537542916362398,-0.14713707786456712,0.07287080209093623,0.08724372517818613,0.20914538845509698,-0.15743239089248323,0.28264470011005643,0.15867025971702445,0.009658136671818626,-0.068058571849903,-0.04223500884465123,0.027120787798048513,-0.0828262605793134,-0.17773258532768518,0.022506610329347528,-0.08073615043526221,-0.08093365088928382,-0.13333870654799684,-0.05442306640991288,-0.14461999408469536,0.11311299296375238,0.004362915272277386,0.08883941617201457,0.0012066902887915131,0.06005016223254827,-0.059906569640172616
65,-0.26294977240151624,-0.5492212658115804,0.12423162313007505,-0.21396115728807358,-0.020563431476484217,-0.4982377929175949,-0.1325724427940812,-0.038545328368766875,0.07619821390875954,-0.20091296140888396,-0.10361960336412974,0.1262863346348566,0.0977760376475538,0.1891437009992767,-0.16471193241617701,0.28221491393709985,0.11891840272174535,0.02708299825212228,-0.042956811281956116,-0.026453154982734237,0.04045180923033272,-0.12429741001010955,-0.13670820943587814,0.03298410669416909,-0.036103487430002364,-0.014274282587136864,-0.1261939533247593,0.00890912190746761,-0.19209719787426943,0.1110087150046289,0.00522113573447625,0.09025346520877235,-0.06074443172264338,0.014172831505158856,-0.04293014876148209
66,0.009746070387042954,0.5184977589038522,-0.3765842719639705,-0.12267035441307293,-0.15559425897284734,-0.10503822787447803,0.634827501883163,0.0034350021974363432,0.2973624941981108,0.04440005764527247,-0.22723961334892825,0.07970930456953097,0.005500653364212277,0.26656347415262316,-0.015020054254079438,0.09940900586702929,-0.031225265267497932,-0.07516478248288361,0.014316683003292884,0.07464397151754815,0.0010046350809522968,-0.1742788063835522,0.08350656558919563,-0.13604852672397572,-0.09571545243810715,0.1063763276139185,-0.20059692007450342,-0.016340991568635697,-0.06587436563888127,-0.028187996443676977,-0.2263884890819809,0.08127229382345794,-0.07167641568696093,-0.051951952421904604,0.10752193534659883
67,-0.42031029848390644,-0.5070637067707037,-0.4184909388346989,-0.31825704044720204,-0.32073560032003506,0.03676001276814452,0.23708799403185682,-0.0203483205195644,0.008214145950394307,-0.13289258681093047,0.022851580117570786,-0.04768132192296232,-0.05983345721204146,-0.011404493580509241,0.024059691168562887,-0.01840469268446171,0.048312406922397196,-0.05857000307488294,-0.046765942815178256,-0.03648714106442818,-0.007125171434066589,-0.10792297574819486,-0.027323264601393907,-0.022565603406515627,0.04174041511168552,-0.02796360478623203,0.003720584983182462,0.032362292162182796,0.025950974560200103,0.054506195904217826,-0.00918791892169843,-0.19039733416787005,-0.029656748153800726,-0.07217457502723276,-0.053597475511604584
68,1.6111075171726428,-0.4352962116020539,0.40280783744948495,-0.5653011978641389,0.10132115779508873,-0.23241216991592323,-0.029865633247024053,0.18098698995028129,-0.19159951315719423,0.09790217048429693,0.03849556080876054,0.12310920336058791,-0.1579827199040052,0.04919462696576434,-0.28394515966864337,0.04671831891758425,-0.11384107950838308,0.24060998582583834,0.06429642864278289,-0.02056582541560972,-0.004535623609770365,0.08368724746724435,0.25499678397946407,0.22337647714948777,0.15917402697118568,0.15249384946553105,-0.033168378879323286,0.1503519912835898,0.01110079389429623,0.25815452478829826,-0.10948818385915787,0.031042432519858467,0.014206632071213393,0.0834128299792481,-0.18109505002156076
69,0.46816176454890873,0.5683576043483708,-0.37382467294614685,-0.10767643417785232,-0.03191137080196466,-0.08627381772085789,0.5896538723554855,0.0710387137292624,0.258166195847129,0.11746124691050924,-0.13837690032867403,0.1279458670928227,0.023318447332464878,0.18022190470299018,-0.12807177170508396,0.21879615167945637,0.05837799397527402,0.015255914255099208,-0.12196712324153533,-0.05760238213884779,0.0453645163258197,-0.0646346487638662,0.05482351153891444,-0.049130787175133736,0.018074295161642235,0.021613950621326955,-0.05401514051445292,0.1093234798775892,0.0037315908147538697,-0.039671529047141225,0.0808572175640411,-0.037748541884465026,-0.07931914501755172,-0.021780415481558076,0.008998513655985044
70,-0.4920617443548952,0.4864685661141195,0.2142880031057324,-0.4555491399471554,-0.028537808084988417,-0.14083341738676539,-0.1393460647298598,-0.040264361933455,-0.05239958456028725,-0.20458819229050543,0.11336759708213676,-0.13048226151280043,-0.007614314180778137,0.02161856812849223,0.01896244587929452,0.1377086006036537,0.09483526969683109,-0.021204319478548853,-0.021625714313788312,0.00625693303204219,0.004006340491753884,-0.08050457732026783,-0.06662976014394624,0.020701732739146512,0.03950434379615242,-0.0028011423307480496,-0.06246260974928233,0.00041129848229554453,0.01073202363298088,-0.003691575958648247,-0.01764305848975516,0.03873929466158262,0.014984145258617047,0.024587556291444074,-0.05661935517274363
71,-0.5068358744892724,-0.6045031555289142,-0.35314576978517004,-0.2600494221264862,-0.39925126423039153,0.13378216030764561,0.2557982143045046,0.2837671711855257,0.059641390974842,-0.002732726805061197,-0.01663808203469429,-0.13909451369740014,-0.07754872401492008,0.11527038827030008,-0.09048117632057188,-0.07331093473024569,0.003974029540138552,-0.11575760174160049,-0.057180622151225664,-0.07131533464425599,0.053215738089427006,-0.05133125635413199,2.8954422565221652e-05,-0.026074445314993863,0.009081211684189381,-0.01716305230735814,0.015756544299794825,-0.024463305724514155,0.02162065685965045,-0.03746724926646325,0.0041630775138255345,-0.02017987221741789,0.022718859727844237,0.0036758504399164796,0.011247172343418552
72,0.33785290527253203,-0.6885819638331607,-0.5101552063648683,-0.3290181128196718,0.37175360169500427,0.2665536924664271,-0.14877925713351012,-0.13760028969555524,-0.11290317582128047,-0.12497871689031424,0.007275354705215673,-0.022239953924633942,-0.31683379115218724,0.018116447114351154,-0.0015933725665235007,0.07307147141626902,0.0009808371275823074,0.11728986857535392,0.1829038038274884,-0.07601754526547147,-0.025107739702846358,-0.11391531796822123,-0.0477144652710729,0.009138083757693519,0.018070315076424523,0.13665500376231904,-0.030099163609949606,0.08772143219369409,-0.04276095623894723,-0.04082139305256691,-0.08158483118134643,-0.033976410959429056,0.057198676470978274,0.08147577473049541,0.09572272549797384
73,-0.6062134040714824,-0.06702579839703446,-0.269752057163458,0.7347274315360836,-0.12823519334127834,-0.11410710124981324,-0.10381709384413759,-0.16314340637894645,0.04694581812284388,-0.10688736856006378,-0.030942964453624735,0.07985213814755368,-0.07512862969595077,0.0692315246187967,-0.0025010699542364298,-0.03415655487517421,-0.09710830542228717,-0.02464015135156058,0.05855979645494679,-0.07369205795520221,0.05730630235442827,0.006687989591024636,0.04952100541458706,-0.009352794799812308,-0.03752018609166206,0.011483357879209996,0.030297145155921756,-0.008113422008244584,-0.04197905312414526,0.02250123754447511,0.07774526710108313,0.057740499665913846,0.013733735949187184,-0.0027441947430927593,0.06028768884679218
74,-0.3889920619968963,-0.5135570966229289,0.21973456541139982,-0.2327446109425401,-0.13266986788788618,-0.5268410094683934,0.19432139820343844,-0.15962024314429607,0.02949862080813079,-0.0029931461581051114,0.11519902094131784,-0.10494661628855437,-0.0035336464518196573,0.08364102878231912,0.012267150033606629,-0.003363068389530622,0.0001206113457464839,-0.006239038314096772,-0.02278506031025396,-0.03549986513757617,0.02376840270316992,0.008402166907570936,0.029291067471019592,-0.003918123636532708,0.030059710528186154,-0.0365213796295916,-0.017175828010591167,0.0051917751834482,0.004155593143998442,0.038549659970627516,-0.013286558485255517,-0.0046474517635954355,0.0057849311097090475,-0.0005480384943735844,-0.015131042620305124
75,-0.2612974583797244,-0.6239775972832062,0.32041648712041504,-0.1726245022874197,0.08369103420649522,-0.5192096764836474,0.12368239007176411,-0.3535578508332256,-0.09399776344995776,-0.05802112276728074,0.21384354453445018,-0.11242008065355849,0.050993707353760256,0.02599134013280464,0.06169216149846342,0.009002373946955262,0.09018756450362728,0.057713847946521415,-0.032628844513402165,0.03757880644520926,-0.033606980324858114,-0.009391709179783821,0.05120903133664915,-0.0054375552401067515,0.04418672773703462,-0.003646780729981041,-0.06248612619684156,-0.0525198463260575,0.031048046601808862,-0.013670276091651543,-0.05694910693049286,0.018197240264346708,0.0009104026072442872,0.007189290749335217,-0.030690050019129403
76,1.6125252708540905,0.26651850745043837,0.02011369989771712,0.4098186190941683,-0.9271563477693257,0.1257256453974924,-0.22969545782860223,0.1677362702928322,0.6170229341871019,-0.047255952373434044,0.7326799837083467,0.18138913372284568,-0.09191912183076846,0.23417523472110305,-0.10874983001742991,0.023327248360600367,0.041447394156285955,-0.06251243335164916,0.04664898505126575,-0.008911208358777852,-0.09604096219565803,0.04853146293622154,0.009664082341108177,0.052690844246435324,-0.0157055627322926,0.029370983988122254,0.04987560252106401,-0.04576712525306815,0.02853979294001564,0.0022994594684653436,-0.04492847093512457,-0.02301041959593736,0.008523440470862703,-0.008231205988752044,-0.03751353468959842
77,0.3331459154834947,-0.6614281570334838,-0.2773971095702054,-0.37885044784306876,-0.11431349799486269,0.4108904527516992,-0.14389810930235528,-0.3674550266333578,-0.03188728876967717,-0.2997944627332935,-0.14974712884339444,0.008797004074581732,0.015447320141817274,-0.1449019904099756,-0.16045635163345556,-0.16857568052102645,0.33965752193340143,-0.11581758848782082,-0.10761327059873606,0.1766549241753616,-0.23641131453410874,0.19737525153320568,0.10532421612346224,-0.26784919582916983,-0.035989674520557284,-0.059785582212733744,0.08561583351196071,-0.04458723302850594,-0.021247689068434147,-0.05234261045657558,-0.16420401650647914,0.028082770791807633,-0.053436809204441126,-0.1667900547965343,0.036776427214021114
78,0.4660104087625463,0.6125633341619123,0.11934564232702205,0.1057734162240245,0.541646350420189,0.002398905625867968,0.5189186687022319,-0.22121796277778108,0.13989553932804843,0.07353628718016139,0.002753840723092974,0.38264559328210024,-0.009204232477302655,-0.04399455487090874,0.09421631704229215,0.1973991624719542,0.0027970113741331354,0.004921700305470245,-0.30461290528036516,-0.11698077711986486,-0.163074252810715,-0.23776698249117972,0.43497920265414436,-0.1629009885995863,0.24461041144550058,0.19090688753319393,0.1483250170945197,0.17586950530185158,-0.0934811384456574,-0.23786972924001343,-0.20251477720906663,0.3351896660977288,0.13687273372085323,-0.06775399656521075,0.015989651362371265
79,0.12850239693014942,0.6208390515850791,-0.37781102471873845,-0.11693893610340086,-0.2502205964795741,0.3118630807223153,0.6643691928231035,-0.04428017889238065,-0.10845251859090255,-0.09599638696739257,0.05243791417496331,0.007241812061035,-0.02848838545048614,-0.07311697543563508,0.1799423098471188,-0.004533412950223111,0.1737763197075252,-0.007263175210414995,-0.08765315205475445,0.12977356915710744,-0.02588794250455064,0.02330493301765892,-0.03583040082228588,0.07560656786825903,0.15199175987573021,-0.05996570751232432,-0.10552997178303283,-0.03863169373314271,0.06474397045664824,0.06814634287824992,0.03473792128157181,0.004813275839635649,-0.03812992302308554,-0.016514233123127345,0.012460915820764525
80,-0.7024039818584559,0.5791616375093409,0.22673127032829674,-0.4098216542660908,-0.2273562626317113,-0.05322082012049369,0.0745406808563636,0.290837565599561,0.13090668210106596,-0.04031515171511524,-0.01385645206191424,-0.10986385232502914,-0.09130384085942812,0.028599893425027074,-0.12784307532986436,0.0049125343153115265,-0.03160262711043525,-0.024243900306886113,-0.003460893215295588,-0.020412406689773878,0.03883305755664256,0.013031603808119322,-0.022034590134213435,-0.028113131424366576,0.022481133261069774,-0.02014301848725747,0.015274507872081532,0.037132573338065626,0.020420451248960123,0.016271209890619476,-0.0049481752431217805,-0.03267276481433386,0.0335990778006888,-0.003698646784955302,-0.01437337530052047
81,1.6239504456069407,-0.4807708410568504,0.7374707805309707,-0.5078557539859335,-0.07134151575671012,-0.6676557099519198,-0.06857834072802117,0.5954708676277205,-0.3715703468064045,-0.855713867387054,-0.5757197623229465,0.6808640172521903,-0.27958843079017115,0.9787784265856089,1.1474110574286982,-0.7755495474026474,0.3482361693228729,0.561926869123333,-0.4233280515607805,0.14164004134287156,-0.1997220092176122,0.5453093550342836,-0.07036693592540788,0.4677395561860197,-1.4505961269036756,-0.6701953958159863,-0.07381338946771411,0.5626852093424074,1.3682917008709286,-0.7862619066719299,-1.7681945084275914,-0.5437365994213342,0.7352235917802348,1.4931555724375873,0.6158421428142254
82,0.665027419566963,-0.5086956234255314,-0.25488433981742825,-0.38712016994110326,-0.40149773071062983,0.18854139718622864,-0.030659874232819326,0.1918363995688481,-0.30474240653142415,-0.05071159014901822,0.09119377324837807,0.11639224107233354,0.23233179795785847,-0.0412289927547171,0.13091598483842026,-0.05318066226253858,0.2775498752669262,0.10931076204403663,-0.16098417216884373,0.1039924284777732,0.05996290803689402,0.07590973548325497,0.012794546314537988,-0.11944766338984412,-0.2125314836821245,-0.10072577710292191,-0.05775196786752553,0.29478744812709634,0.10040850157500811,-0.06519709529251842,-0.17565460686629156,-0.09336242461071896,-0.041828445776152634,0.2287134285497771,0.11449066848807943
83,-0.6233378390078521,-0.05621479765314245,-0.2913852929484412,0.615079453887823,-0.14440856287692852,-0.16564839743143578,-0.030846809949777378,-0.1114828920766097,-0.017733170871794664,-0.08328900244350043,-0.153519962615701,0.015615671935150071,-0.08535584684657889,0.04318960284531176,-0.02538183726214445,-0.03571868741239643,-0.1185271513056196,-0.044003117422897496,0.03265131344591482,-0.055523543288371426,0.057196606384501206,0.03188405301747557,0.05244807501468363,-0.006867644674714756,-0.02704380730651294,0.007199403902095058,0.04549030010641755,0.022178041300747957,-0.02102024831797913,0.02068574813309165,0.04643724777776306,9.734035589320641e-06,-0.02005786576954955,-0.03414583327175394,-0.004376805221150949
