Production,Unnamed: 0,Zone,PRECIP,TMPMAX,TMPMIN,RELHUM,WINDLY,SUNHRS,Irrg_Yes,Irrg_No,Seed_Improved,Seed_Not_Improved,Damage_Yes,Damage_No,Dreason_Crop_disease,Dreason_Frost,Dreason_Floods,Dreason_Locust,Dreason_Insects,Dreason_Toolittle_rain,Dreason_Toomuch_rain,Dreason_Wild_animals,Dreason_Birds,Dreason_Hail,Dreason_Weeds,Dreason_ShortageSeed,Dreason_DepletionSoil,Dreason_Security,Dreason_UseBadCrop,Dmeasure_Yes,Dmeasure_No,Dmtype_Chemical,Dmtype_NonChemical,Dmtype_Both,Dmchem_Insecticide,Dmchem_Herbicide,Dmchem_Fungicide,Dmchem_Insectcide_Her,Dmchem_Insectcide_Fun,Dmchem_Herbicide_Fung,Dmchem_All,Fert_Yes,Fert_No,Ferttype_Natural,Ferttype_Chemical,Ferttype_Both,D22a_Urea,D22a_DAP,D22a_Urea_DAP,D22a_NPS,D22a_Urea_NPS,D22a_Mixed,D23_Manure,D23_Compost,D23_Organic,D23_Manure_Compost,D23_Manure_Organic,D23_Compost_Organic,D23_All,Fweight,Area,Yield,Crop
9.417482988395388,0.9019607843137255,0.6666666666666667,0.5047139432645285,0.361369781246756,0.6579264136435239,0.46752204891276605,0.9175463384094971,0.5356465139775706,0.0,0.012535382126971289,0.0,0.01254552812626467,0.0018788163457022077,0.02190923317683881,0.0,0.0,0.0,0.0,0.0,0.002382843526608419,0.0,0.0,0.0,0.0,0.0,0.1,0.0,0.0,0.0,0.012581168831168832,0.0,0.0,0.012673753066230581,0.0,0.0,0.0,0.0,0.0,0.0,0.0,0.0,0.007739082365948037,0.015164279696714406,0.012612612612612612,0.0,0.0,0.0,0.0,0.0,0.0,0.0,0.0,0.0,0.03529411764705882,0.0,0.020161290322580645,0.0,0.0,0.0,0.44206470653702845,0.5262968535141734,0.3096931142148246,0.8571428571428572
11.231218631097029,0.27450980392156865,0.6666666666666667,0.7553230742000423,0.0199811553445004,0.23369118571164482,1.0,0.12657914761727626,0.05633257847914863,0.08823529411764705,0.04164981803477557,0.0,0.042897612302711455,0.007515265382808831,0.07042253521126761,0.0,0.0,0.0,0.0,0.0,0.005559968228752979,0.00303951367781155,0.0,0.0,0.005291005291005291,0.0,0.0,0.052173913043478265,0.0,0.0,0.0413961038961039,0.007692307692307693,0.0,0.041700735895339326,0.0,0.0,0.0,0.0,0.0,0.0,0.0,0.0,0.02045328911000553,0.05812973883740522,0.02702702702702703,0.011374407582938388,0.00591715976331361,0.027624309392265192,0.02247191011235955,0.004314063848144953,0.0,0.0,0.0,0.017382413087934562,0.03137254901960784,0.0,0.0,0.0,0.0,0.0,0.6013900290214484,0.6899693821480072,0.3383394841306544,0.42857142857142855
15.567217938809081,0.3137254901960784,0.0,0.6909581939635858,0.3458000496585978,0.4729721793635515,0.44160931088526745,0.07730010837989094,0.0788279938955001,0.029411764705882353,0.31500202183582693,0.12418300653594772,0.2998785916632942,0.07656176608736497,0.4835680751173709,0.03076923076923077,0.0,0.06896551724137931,0.0,0.044502617801047126,0.043685464654487687,0.00303951367781155,0.019801980198019802,0.0,0.10052910052910052,0.02551020408163265,0.0,0.2956521739130435,0.0,0.02197802197802198,0.3153409090909091,0.0057692307692307696,0.38974358974358975,0.28454619787408014,0.011655011655011656,0.027149321266968326,0.17866666666666667,0.04054054054054054,0.015706806282722516,0.037037037037037035,0.0,0.0,0.3233830845771144,0.16427969671440606,0.03063063063063063,0.5127962085308057,0.01972386587771203,0.04419889502762431,0.599250936329588,0.3295944779982744,0.0,0.0,0.0,0.032719836400818,0.011764705882352941,0.0,0.024193548387096774,0.0,0.0,0.0,0.8607635780957901,0.924464687967028,0.6260757208518235,0.5714285714285714
8.468656095222403,0.49019607843137253,0.3333333333333333,0.48662598512564736,0.14070695822987567,0.40687928135160956,0.03468867497937467,0.041335399406376296,0.9852455752704745,0.0,0.012535382126971289,0.0,0.01254552812626467,0.0028182245185533117,0.020344287949921755,0.010256410256410256,0.0,0.0,0.0,0.005235602094240838,0.0,0.0,0.0,0.0,0.0,0.0,0.0,0.0,0.0,0.0,0.012581168831168832,0.0,0.15384615384615385,0.011856091578086673,0.0,0.0,0.005333333333333333,0.0,0.0,0.0,0.0,0.0,0.01271420674405749,0.007582139848357203,0.016216216216216217,0.0037914691943127963,0.0019723865877712033,0.0,0.0,0.004314063848144953,0.0,0.0,0.0,0.00408997955010225,0.00392156862745098,0.0,0.056451612903225805,0.0,0.0,0.0,0.5086634614446812,0.5432711883846075,0.15123670202647205,1.0
5.055417436868149,0.9411764705882353,0.0,0.37578484584451965,0.8462818023796173,0.9162631286854934,0.2722429126989585,0.8994148561309867,0.8882420346112776,0.17531718569780855,0.2390127098150219,0.12879661668589004,0.22512120995707066,0.1333591210086665,0.22383319524993092,0.07400703871292107,0.0,0.06457065584854632,0.0,0.05410122164048866,0.10314753383482067,0.041033434650455926,0.08192583964278784,0.0,0.1331050938894076,0.048919567827130854,0.0,0.07962489343563511,0.0,0.057530704589528116,0.23043990323402086,0.05033936651583709,0.05942684766214179,0.21707309252400883,0.058412176059234884,0.019696566409369176,0.05850980392156863,0.013513513513513514,0.01580946514731547,0.0,0.020320855614973262,0.005882352941176471,0.2673018350513229,0.09633777689677386,0.13298003886239182,0.20615184462410555,0.2329736628379163,0.10898060881811288,0.13549239920687378,0.2293220998494307,0.014845938375350145,0.043167654658762725,0.0,0.1739644733148883,0.16301422529796233,0.0,0.20493358633776093,0.0,0.0,0.0,0.8299793527385992,0.12404450120004445,0.2526963926326615,0.7142857142857142
10.461938948544596,0.9215686274509803,1.0,0.5595173231014678,0.838226073925135,0.8248184759377593,0.17007988494408366,0.641525423012638,0.5677791850545848,0.0,0.027092600080873434,0.0,0.027114528530959126,0.0032879286049788633,0.04773082942097027,0.005128205128205128,0.0,0.0,0.0,0.0013089005235602095,0.0,0.00303951367781155,0.019801980198019802,0.0,0.0,0.0,0.0,0.0,0.0,0.0,0.027191558441558444,0.0,0.0,0.0241210139002453,0.018648018648018648,0.0,0.021333333333333333,0.0,0.0,0.0,0.0,0.0,0.0326147042564953,0.007582139848357203,0.012612612612612612,0.034123222748815164,0.01775147928994083,0.0,0.0,0.03882657463330458,0.0,0.0,0.0,0.019427402862985686,0.0,0.0,0.016129032258064516,0.0,0.0,0.0,0.42150744998416756,0.5934379824787515,0.3640634814079349,0.7142857142857142
11.145920492387958,0.9019607843137255,0.6666666666666667,0.5047139432645285,0.361369781246756,0.6579264136435239,0.46752204891276605,0.9175463384094971,0.5356465139775706,0.11764705882352941,0.07399919126566923,0.0,0.07567786321327398,0.0479098168154063,0.06729264475743349,0.38461538461538464,0.023255813953488372,0.0,0.0,0.0013089005235602095,0.009531374106433677,0.001519756838905775,0.019801980198019802,0.0,0.005291005291005291,0.015306122448979591,0.0,0.034782608695652174,0.0,0.01098901098901099,0.07508116883116883,0.0038461538461538464,0.0,0.07563368765331153,0.0,0.0,0.0,0.0,0.0,0.0,0.0,0.0,0.08236594803758983,0.03285593934288121,0.011711711711711712,0.08625592417061612,0.08875739644970415,0.14917127071823205,0.0299625468164794,0.08714408973252805,0.0,0.0,0.0,0.02044989775051125,0.09411764705882353,0.0,0.056451612903225805,0.0,0.0,0.0,0.6684376386379371,0.7125477257512787,0.2946591995072546,0.2857142857142857
12.85379807618819,0.19607843137254902,0.6666666666666667,0.47276059061510667,0.012014722357924335,0.40266878896122416,0.8264918971038231,0.14398988020642978,0.06645795449987091,0.20588235294117646,0.7957945814799838,0.0032679738562091504,0.7988668555240793,0.3536871770784406,0.9514866979655712,0.2205128205128205,0.023255813953488372,0.08620689655172414,0.0,0.02486910994764398,0.12867355043685463,0.17325227963525835,0.45544554455445546,0.1,0.9417989417989417,0.0510204081632653,0.2,0.7130434782608696,0.0,0.9230769230769231,0.75487012987013,0.20961538461538462,0.07179487179487179,0.7538838920686836,0.004662004662004662,0.0,0.013333333333333332,0.0,0.005235602094240838,0.0,0.0,0.0,0.7081260364842454,0.5829823083403538,0.718018018018018,0.3090047393364929,0.31163708086785014,0.14917127071823205,0.3595505617977528,0.30371009490940465,0.0,0.0,0.0,0.8394683026584868,0.3058823529411765,0.0,0.15725806451612903,0.0,0.3333333333333333,0.0,0.9422633892143124,0.8929100215140653,0.2849975265107343,0.0
12.435807726441121,0.4117647058823529,0.3333333333333333,0.5860126848846146,0.19209176230013547,0.39933896085268716,0.03468867497937467,0.06314638201398637,0.9852455752704745,0.08823529411764705,0.3263243024666397,0.0,0.32780250910562525,0.2545796148426491,0.2104851330203443,0.041025641025641026,0.011627906976744186,0.0,0.0,0.017015706806282723,0.38284352660841936,0.001519756838905775,0.019801980198019802,0.0,0.06349206349206349,0.05612244897959183,0.0,0.08695652173913043,0.0,0.02197802197802198,0.32711038961038963,0.007692307692307693,0.5743589743589743,0.28372853638593626,0.0,0.022624434389140274,0.288,0.0,0.005235602094240838,0.0,0.0,0.0,0.359314538419016,0.13563605728727884,0.24144144144144145,0.18009478672985782,0.37869822485207105,0.08839779005524862,0.07116104868913858,0.2993960310612597,0.0,0.0,0.0,0.23108384458077713,0.09803921568627451,0.0,0.8306451612903225,0.0,0.0,0.0,0.9149665006448053,0.8525201238879492,0.28212741861750046,0.0
12.269540280974287,0.0196078431372549,0.3333333333333333,0.5252342936745391,0.34926774006368255,0.6569831721403829,0.03468867497937467,0.1327032586900812,0.9852455752704745,0.4117647058823529,0.5855236554791751,0.0196078431372549,0.5892351274787536,0.41333959605448567,0.45539906103286387,0.15897435897435896,0.08139534883720931,0.1724137931034483,1.0,0.29188481675392675,0.27243844320889593,0.05623100303951368,0.07920792079207921,1.0,0.41798941798941797,0.04591836734693877,0.0,0.1826086956521739,0.0,0.16483516483516486,0.5799512987012988,0.06153846153846154,0.2153846153846154,0.5322976287816844,0.19813519813519814,0.0904977375565611,0.03733333333333333,0.0,0.020942408376963352,0.0,0.0,0.0,0.6097291321171918,0.3032855939342881,0.5837837837837838,0.233175355450237,0.38658777120315585,0.09944751381215469,0.0449438202247191,0.35202761000862814,0.0,0.0,0.0,0.5828220858895706,0.3176470588235294,0.0,0.7137096774193549,0.0,0.0,0.0,0.9095550499508422,0.8480161249278106,0.26477221960500075,0.7142857142857142
8.192760454948788,0.6862745098039216,1.0,0.6602446732346863,0.7636901240577938,0.7428831244256036,0.17007988494408366,0.443043498418371,0.3598602572084588,0.0,0.003234937323089365,0.0,0.004046944556859571,0.0009394081728511038,0.007042253521126761,0.0,0.0,0.0,0.0,0.0013089005235602095,0.0007942811755361397,0.0,0.0,0.0,0.0,0.0,0.0,0.0,0.0,0.0,0.003652597402597403,0.0019230769230769232,0.0,0.003679476696647588,0.0,0.0,0.0,0.0,0.0,0.0,0.0,0.0,0.0016583747927031507,0.006739679865206402,0.0009009009009009009,0.0009478672985781991,0.0019723865877712033,0.0,0.003745318352059925,0.0008628127696289905,0.0,0.0,0.0,0.002044989775051125,0.0,0.0,0.0,0.0,0.0,0.0,0.2878456890851109,0.4792011517070026,0.20162682743934188,0.8571428571428572
10.665465124717219,0.13725490196078433,1.0,0.5595173231014678,0.838226073925135,0.8248184759377593,0.17007988494408366,0.641525423012638,0.5677791850545848,0.058823529411764705,0.23776789324706832,0.026143790849673203,0.22217725617159045,0.09347111319868483,0.28169014084507044,0.035897435897435895,0.0,0.017241379310344827,0.2702702702702703,0.018324607329842934,0.016679904686258934,0.007598784194528876,0.24752475247524752,0.06666666666666667,0.2222222222222222,0.1683673469387755,0.0,0.19130434782608696,0.0,0.18681318681318682,0.2252435064935065,0.06730769230769232,0.005128205128205128,0.22649223221586265,0.0,0.11764705882352942,0.013333333333333332,0.013513513513513514,0.0,0.0,0.0,0.0,0.21779988944168047,0.13816343723673125,0.35315315315315315,0.0018957345971563982,0.0,0.0,0.00749063670411985,0.0008628127696289905,0.0,0.0,0.0,0.32719836400818,0.0392156862745098,0.0,0.25,0.0,0.0,0.0,0.6678141288703472,0.6636348948044272,0.29485365387806817,0.14285714285714285
7.852981317794156,0.7843137254901961,0.0,0.8879568305969854,0.23685856993761334,0.5688826434354377,0.6998914862145771,0.34225030795523687,0.08632129978781822,0.0,0.014152850788515971,0.0,0.014164305949008499,0.0023485204321277596,0.02269170579029734,0.005128205128205128,0.0,0.0,0.0,0.002617801047120419,0.0,0.0,0.0,0.0,0.010582010582010581,0.0,0.0,0.0,0.0,0.0,0.012581168831168832,0.0038461538461538464,0.0,0.012673753066230581,0.0,0.0,0.0,0.0,0.0,0.0,0.0,0.0,0.009397457158651187,0.016006739679865205,0.007207207207207207,0.008530805687203791,0.0,0.016574585635359115,0.018726591760299626,0.0008628127696289905,0.0,0.0,0.0,0.0081799591002045,0.0,0.0,0.0,0.0,0.0,0.0,0.4796134270633827,0.429808508219208,0.22243323965482673,1.0
11.295422600030461,0.8235294117647058,0.6666666666666667,0.21845978568643076,0.37925738352506233,0.5482277048959365,0.4910947105935026,0.5571013194463246,0.5221000797176281,0.08823529411764705,0.068742418115649,0.0,0.07001214083367058,0.015969938938468764,0.10954616588419405,0.010256410256410256,0.011627906976744186,0.017241379310344827,0.0,0.0013089005235602095,0.016679904686258934,0.001519756838905775,0.0,0.0,0.021164021164021163,0.00510204081632653,0.0,0.0,0.0,0.0,0.07021103896103896,0.0,0.0,0.07031888798037612,0.002331002331002331,0.0,0.0026666666666666666,0.0,0.0,0.0,0.0,0.0,0.056937534549474846,0.05981465880370682,0.012612612612612612,0.06350710900473934,0.04339250493096647,0.20994475138121546,0.0299625468164794,0.03710094909404659,0.0,0.0,0.0,0.026584867075664625,0.00392156862745098,0.0,0.03629032258064516,0.0,0.0,0.0,0.6618772194173643,0.7132349827175856,0.3149336801655077,0.42857142857142855
9.930702834178124,0.7450980392156863,0.6666666666666667,0.41691673726890865,0.0,0.015068668036773314,0.6663923612269578,0.3948712290566491,0.3640241177004184,0.0,0.014557217953902142,0.0,0.015378389316066372,0.004697040864255519,0.02269170579029734,0.0,0.046511627906976744,0.0,0.0,0.0,0.004765687053216838,0.0,0.0,0.0,0.0,0.0,0.0,0.0,0.0,0.0,0.00974025974025974,0.026923076923076925,0.0,0.009811937857726901,0.0,0.0,0.0,0.0,0.0,0.0,0.0,0.0,0.0038695411829740185,0.02695871946082561,0.005405405405405406,0.0009478672985781991,0.0,0.0,0.003745318352059925,0.0,0.0,0.0,0.0,0.005112474437627812,0.00392156862745098,0.0,0.0,0.0,0.0,0.0,0.4914839057973843,0.5808566134194783,0.3062382696946214,0.8571428571428572
13.339250711338492,0.47058823529411764,0.0,0.8344571101257356,0.22165658095098095,0.4729721793635515,0.25550726409510816,0.041335399406376296,0.0,0.1764705882352941,0.2802264456126162,0.04575163398692811,0.2772157021448806,0.08219821512447159,0.4107981220657277,0.1794871794871795,0.06976744186046512,0.05172413793103448,0.0,0.08769633507853404,0.0,0.00911854103343465,0.0,0.0,0.021164021164021163,0.030612244897959183,0.1,0.052173913043478265,0.16666666666666666,0.4395604395604396,0.28287337662337664,0.0038461538461538464,0.015384615384615385,0.2649223221586264,0.10722610722610723,0.08597285067873305,0.016,0.05405405405405406,0.041884816753926704,0.6296296296296295,0.0,0.30000000000000004,0.351575456053068,0.05391743892165122,0.3981981981981982,0.07962085308056872,0.21696252465483234,0.03867403314917127,0.1348314606741573,0.13287316652286454,0.0,0.0,0.0,0.4570552147239264,0.09803921568627451,0.0,0.3709677419354839,0.0,0.3333333333333333,0.06521739130434782,0.8524552906320402,0.8769196942718902,0.37629052744400004,0.14285714285714285
8.399769316254002,0.19607843137254902,0.6666666666666667,0.47276059061510667,0.012014722357924335,0.40266878896122416,0.8264918971038231,0.14398988020642978,0.06645795449987091,0.0,0.001213101496158512,0.0,0.0012140833670578714,0.0004697040864255519,0.002347417840375587,0.0,0.0,0.0,0.0,0.0,0.0,0.0,0.0,0.0,0.0,0.0,0.0,0.008695652173913044,0.0,0.0,0.0008116883116883116,0.0019230769230769232,0.0,0.0008176614881439084,0.0,0.0,0.0,0.0,0.0,0.0,0.0,0.0,0.0,0.003369839932603201,0.0,0.0,0.0,0.0,0.0,0.0,0.0,0.0,0.0,0.0,0.0,0.0,0.0,0.0,0.0,0.0,0.13545350788198263,0.0,0.3934925705248272,1.0
13.86495340432843,0.1568627450980392,0.0,0.8459773637810128,0.26142005679379565,0.4572909271964898,0.44160931088526745,0.09654746376519827,0.07766742607446786,0.029411764705882353,0.5163768701981399,0.0032679738562091504,0.5167948199109673,0.18224518553311414,0.6940532081377152,0.14358974358974358,0.0,0.06896551724137931,0.0,0.08115183246073299,0.019062748212867353,0.06838905775075987,0.009900990099009901,0.1,0.021164021164021163,0.6785714285714285,0.4,0.3652173913043478,0.0,0.38461538461538464,0.49391233766233766,0.1076923076923077,0.13333333333333333,0.4566639411283729,0.17249417249417248,0.004524886877828055,0.058666666666666666,0.0,0.0,0.0,0.0,0.0,0.238253178551686,0.7135636057287279,0.3153153153153153,0.06824644549763033,0.01775147928994083,0.022099447513812154,0.15730337078651685,0.028472821397756688,0.0,0.0,0.0,0.3466257668711657,0.0196078431372549,0.0,0.03225806451612903,0.09090909090909091,0.0,0.0,0.8818605891101845,0.979942871717493,0.3068645938619752,0.42857142857142855
8.590623934301977,0.23529411764705882,0.0,0.7800852142376362,0.199645583689688,0.4684045556707386,0.44160931088526745,0.06952629121952253,0.0688960852026348,0.029411764705882353,0.02668823291548726,0.0,0.027114528530959126,0.010803193987787695,0.035211267605633804,0.02564102564102564,0.0,0.0,0.0,0.005235602094240838,0.003971405877680699,0.001519756838905775,0.009900990099009901,0.0,0.0,0.01020408163265306,0.0,0.043478260869565216,0.0,0.0,0.02637987012987013,0.0019230769230769232,0.010256410256410256,0.025756336876533115,0.0,0.004524886877828055,0.0026666666666666666,0.0,0.0,0.0,0.0,0.0,0.013819789939192924,0.03622577927548441,0.014414414414414415,0.007582938388625593,0.0019723865877712033,0.0,0.02247191011235955,0.0008628127696289905,0.0,0.0,0.0,0.01226993865030675,0.00392156862745098,0.0,0.016129032258064516,0.0,0.0,0.0,0.5450887962306097,0.5079576072115175,0.21796694331511993,0.0
14.072406830946196,0.6274509803921569,0.0,1.0,0.2307928432935773,0.4619479062802381,0.4245133854783596,0.0,0.16311020244990204,0.08823529411764705,0.25677315002021833,0.0,0.25819506272764065,0.10709253170502583,0.32159624413145543,0.05641025641025641,0.023255813953488372,0.1724137931034483,0.0,0.1099476439790576,0.02938840349483717,0.05015197568389058,0.0,0.016666666666666666,0.07407407407407407,0.13265306122448978,0.2,0.026086956521739132,0.0,0.05494505494505495,0.25608766233766234,0.011538461538461539,0.09743589743589744,0.21668029435813574,0.19114219114219114,0.022624434389140274,0.25866666666666666,0.013513513513513514,0.0,0.0,0.01818181818181818,0.0,0.2349364289662797,0.18028643639427125,0.16666666666666666,0.17440758293838862,0.10650887573964497,0.11602209944751381,0.37453183520599254,0.09749784296807593,0.0,0.0,0.0,0.1983640081799591,0.027450980392156862,0.0,0.06451612903225806,0.0,0.0,0.0,0.8593017453168852,0.965216044698614,0.3569047375919234,0.42857142857142855
11.15974213254097,0.6274509803921569,0.0,1.0,0.2307928432935773,0.4619479062802381,0.4245133854783596,0.0,0.16311020244990204,0.0,0.04286291953093408,0.0,0.043302306758397406,0.007984969469234382,0.07120500782472614,0.010256410256410256,0.011627906976744186,0.0,0.0,0.013089005235602094,0.002382843526608419,0.0,0.009900990099009901,0.0,0.0,0.0,0.0,0.0,0.0,0.0,0.03936688311688312,0.019230769230769232,0.010256410256410256,0.03883892068683565,0.0,0.0,0.0026666666666666666,0.0,0.0,0.0,0.0,0.0,0.021006080707573243,0.05897219882055602,0.02252252252252252,0.007582938388625593,0.015779092702169626,0.0055248618784530384,0.033707865168539325,0.001725625539257981,0.0,0.0,0.0,0.0245398773006135,0.00392156862745098,0.0,0.012096774193548387,0.0,0.0,0.0,0.6279749687242662,0.7248138016394514,0.2794758979006008,0.8571428571428572
12.658025841490817,0.7254901960784313,0.3333333333333333,0.7000681757657072,0.4925272599731274,0.8232342395948442,0.03468867497937467,0.17301933693543456,0.9852455752704745,0.1764705882352941,0.28103517994338856,0.00980392156862745,0.28247673006879803,0.08783466416157822,0.4029733959311424,0.09230769230769231,0.12790697674418605,0.05172413793103448,0.0,0.022251308900523563,0.02859412231930103,0.015197568389057751,0.07920792079207921,0.016666666666666666,0.13227513227513227,0.12755102040816327,0.0,0.19130434782608696,0.0,0.0,0.2715097402597403,0.05961538461538462,0.07692307692307693,0.21586263286999186,0.2937062937062937,0.04524886877828055,0.19733333333333333,0.0945945945945946,0.2879581151832461,0.037037037037037035,0.0,0.0,0.32504145936981754,0.09604043807919123,0.14594594594594595,0.26540284360189575,0.2879684418145957,0.30939226519337015,0.13857677902621723,0.27782571182053495,0.0,0.0,0.0,0.17791411042944788,0.13333333333333333,0.0,0.3790322580645161,0.09090909090909091,0.0,0.0,0.887138099709575,0.861260735678544,0.30149698967924754,0.0
10.30954814997199,0.47058823529411764,0.0,0.8344571101257356,0.22165658095098095,0.4729721793635515,0.25550726409510816,0.041335399406376296,0.0,0.0,0.021431459765467044,0.0,0.021853500607041682,0.0037576326914044154,0.036776212832550864,0.02564102564102564,0.0,0.0,0.0,0.0013089005235602095,0.0,0.0,0.009900990099009901,0.0,0.0,0.0,0.0,0.008695652173913044,0.0,0.0,0.02150974025974026,0.0019230769230769232,0.0,0.02125919869174162,0.002331002331002331,0.0,0.0,0.013513513513513514,0.0,0.0,0.0,0.0,0.006633499170812603,0.03622577927548441,0.008108108108108109,0.0018957345971563982,0.0019723865877712033,0.0,0.00749063670411985,0.0008628127696289905,0.0,0.0,0.0,0.009202453987730062,0.0,0.0,0.004032258064516129,0.0,0.0,0.0,0.5248423504078246,0.6319477548007431,0.2885966388258504,0.8571428571428572
10.144078017454058,0.0392156862745098,0.6666666666666667,0.13014859822812896,0.016002251626325403,0.2024212353993362,0.6945725574880122,0.5573728343825777,0.3173164242031794,0.7352941176470588,1.0,0.08823529411764706,1.0,1.0,0.2895148669796557,0.015384615384615385,0.03488372093023256,0.06896551724137931,0.05405405405405406,1.0,0.9999999999999999,0.02127659574468085,0.1188118811881188,0.18333333333333332,0.15343915343915343,0.030612244897959183,0.0,0.0782608695652174,0.0,0.14285714285714288,1.0000000000000002,0.06538461538461539,0.035897435897435895,1.0,0.02564102564102564,0.0,0.005333333333333333,0.0,0.0,0.0,0.0,0.0,1.0,0.5812973883740522,1.0,0.38009478672985786,0.5857988165680473,0.3204419889502762,0.4794007490636704,0.4400345125107852,0.0,0.0,0.0,1.0,1.0,0.0,0.6290322580645161,0.0,0.0,0.0,0.9262196739571944,0.6682297641400795,0.21441585278785127,0.14285714285714285
12.398509247333948,0.803921568627451,0.3333333333333333,0.4650739276417566,0.6059259060578519,0.8301759152307888,0.03468867497937467,0.34225030795523687,0.9852455752704745,0.058823529411764705,0.19894864536999596,0.00980392156862745,0.19870497774180496,0.037106622827618604,0.32316118935837246,0.11282051282051282,0.0,0.034482758620689655,0.0,0.011780104712041885,0.002382843526608419,0.010638297872340425,0.0,0.0,0.06349206349206349,0.02551020408163265,0.0,0.0782608695652174,0.0,0.0,0.19845779220779222,0.0057692307692307696,0.020512820512820513,0.1831561733442355,0.08624708624708624,0.0497737556561086,0.06666666666666667,0.06756756756756757,0.0,0.0,0.0,0.0,0.2283029297954671,0.06908171861836562,0.051351351351351354,0.2853080568720379,0.10848126232741617,0.4088397790055248,0.27715355805243447,0.18032786885245902,0.0,0.0,0.0,0.07975460122699388,0.00392156862745098,0.0,0.13306451612903225,0.0,0.0,0.0,0.8250930632094113,0.832125949711086,0.30533869971011385,0.2857142857142857
13.18361543528276,0.5098039215686274,0.6666666666666667,0.3472161267773606,0.014294369077409996,0.20533574427621004,0.5531440810581714,0.12657914761727626,0.11807991977971222,0.7647058823529411,0.46866154468257176,0.5196078431372549,0.41521651153379197,0.12259276655706905,0.7237871674491393,0.08717948717948718,0.0,0.24137931034482757,0.0,0.002617801047120419,0.03733121525019857,0.17933130699088146,0.009900990099009901,0.0,0.06349206349206349,0.11224489795918366,0.0,0.12173913043478261,0.0,0.15384615384615385,0.4736201298701299,0.03461538461538462,0.035897435897435895,0.46238757154538024,0.0675990675990676,0.004524886877828055,0.096,0.0,0.0,0.0,0.0,0.0,0.5677169707020453,0.13395113732097724,0.22342342342342342,0.4123222748815166,0.6785009861932939,0.15469613259668508,0.5468164794007491,0.5228645383951682,0.0,0.0,0.0,0.4222903885480573,0.4235294117647059,0.0,0.3346774193548387,0.09090909090909091,0.0,0.0,0.9371684266239713,0.8894582110348845,0.33663477315273316,0.7142857142857142
14.641850752655197,0.8431372549019608,1.0,0.5595173231014678,0.838226073925135,0.8248184759377593,0.17007988494408366,0.641525423012638,0.5677791850545848,0.029411764705882353,0.2984229680549939,0.0,0.2990692027519223,0.16016909347111322,0.31220657276995306,0.035897435897435895,0.011627906976744186,0.06896551724137931,0.0,0.017015706806282723,0.0015885623510722795,0.18085106382978725,0.2079207920792079,0.016666666666666666,0.015873015873015872,0.6173469387755102,0.4,0.2,0.0,0.03296703296703297,0.2982954545454546,0.007692307692307693,0.03076923076923077,0.17702371218315618,0.6899766899766899,0.004524886877828055,0.7893333333333333,0.0,0.015706806282722516,0.0,0.01818181818181818,0.1,0.14151464897733554,0.40775063184498733,0.11351351351351352,0.11469194312796209,0.01775147928994083,0.09944751381215469,0.17228464419475656,0.056945642795513375,0.0,0.0,0.0,0.13701431492842536,0.00392156862745098,0.0,0.0,0.0,0.0,0.0,0.78745677809847,0.9865507035912284,0.40795517760814004,0.42857142857142855
11.673904379253067,0.9019607843137255,0.6666666666666667,0.5047139432645285,0.361369781246756,0.6579264136435239,0.46752204891276605,0.9175463384094971,0.5356465139775706,0.2647058823529412,0.09623938536190861,0.016339869281045753,0.09793605827600162,0.03992484734617192,0.12754303599374023,0.035897435897435895,0.0,0.05172413793103448,0.0,0.009162303664921467,0.027005559968228753,0.004559270516717325,0.009900990099009901,0.0,0.021164021164021163,0.00510204081632653,0.0,0.043478260869565216,0.0,0.0,0.09983766233766234,0.0019230769230769232,0.015384615384615385,0.0911692559280458,0.046620046620046623,0.027149321266968326,0.029333333333333333,0.06756756756756757,0.0,0.0,0.01818181818181818,0.0,0.1177446102819237,0.02948609941027801,0.016216216216216217,0.15450236966824646,0.0631163708086785,0.2762430939226519,0.08614232209737828,0.10267471958584988,0.04285714285714286,0.0,0.0,0.027607361963190188,0.011764705882352941,0.0,0.08064516129032258,0.0,0.0,0.0,0.7128732405438014,0.7644806040791844,0.2970709406400768,0.5714285714285714
7.852981317794156,0.23529411764705882,0.0,0.7800852142376362,0.199645583689688,0.4684045556707386,0.44160931088526745,0.06952629121952253,0.0688960852026348,0.0,0.01940962393853619,0.0,0.01942533387292594,0.013151714419915453,0.01643192488262911,0.02564102564102564,0.0,0.0,0.0,0.007853403141361258,0.0,0.0,0.0,0.0,0.0,0.01020408163265306,0.0,0.12173913043478261,0.0,0.01098901098901099,0.01866883116883117,0.0038461538461538464,0.0,0.01880621422730989,0.0,0.0,0.0,0.0,0.0,0.0,0.0,0.0,0.000552791597567717,0.040438079191238416,0.0009009009009009009,0.0,0.0,0.0,0.0,0.0,0.0,0.0,0.0,0.0010224948875255625,0.0,0.0,0.0,0.0,0.0,0.0,0.5070041075104854,0.429808508219208,0.22243323965482673,1.0
11.950863119768183,0.9607843137254902,0.3333333333333333,0.5252342936745391,0.34926774006368255,0.6569831721403829,0.03468867497937467,0.8994148561309867,0.9852455752704745,0.058823529411764705,0.1544682571775172,0.026143790849673203,0.15216511533791988,0.08078910286519493,0.16666666666666666,0.03076923076923077,0.0,0.034482758620689655,0.0,0.020942408376963352,0.04447974583002383,0.007598784194528876,0.15841584158415842,0.0,0.15343915343915343,0.00510204081632653,0.0,0.3130434782608696,0.0,0.01098901098901099,0.15503246753246755,0.0019230769230769232,0.020512820512820513,0.1267375306623058,0.1585081585081585,0.1085972850678733,0.018666666666666665,0.12162162162162163,0.03141361256544503,0.0,0.4727272727272727,0.0,0.17744610281923714,0.05391743892165122,0.05045045045045045,0.19146919431279621,0.12426035502958581,0.055248618784530384,0.0898876404494382,0.04486626402070751,0.19999999999999998,0.6395348837209303,0.0,0.048057259713701436,0.03137254901960784,0.0,0.25806451612903225,0.0,0.0,0.0,0.8656694677716457,0.7533782340716438,0.35185845512515757,0.7142857142857142
8.468656095222403,0.1764705882352941,0.3333333333333333,0.7358646162529867,0.43196772906820424,0.7757985760719828,0.03468867497937467,0.09654746376519827,0.9852455752704745,0.0,0.050950262838657494,0.0,0.05099150141643059,0.02959135744480977,0.050078247261345854,0.15897435897435896,0.0,0.017241379310344827,0.0,0.013089005235602094,0.003177124702144559,0.00303951367781155,0.0,0.0,0.05291005291005291,0.0,0.0,0.017391304347826087,0.0,0.0,0.04910714285714286,0.009615384615384616,0.0,0.03883892068683565,0.06060606060606061,0.0,0.0,0.0,0.0,0.0,0.0,0.0,0.016030956329463792,0.08256107834877843,0.021621621621621623,0.004739336492890996,0.0,0.0,0.0,0.003451251078515962,0.0,0.0,0.0,0.0081799591002045,0.011764705882352941,0.0,0.05241935483870967,0.0,0.0,0.0,0.6314480025043483,0.5959041011443188,0.07766898404641279,1.0
11.284304073061776,0.6078431372549019,1.0,0.29598599319098984,0.8661264713354688,0.761626775886338,0.13634633600366186,0.5036723087362601,0.3303569063510623,0.0,0.03396684189243833,0.006535947712418301,0.03399433427762039,0.0037576326914044154,0.06181533646322379,0.0,0.0,0.017241379310344827,0.0,0.003926701570680629,0.0007942811755361397,0.0,0.0,0.0,0.0,0.0,0.0,0.017391304347826087,0.0,0.01098901098901099,0.03327922077922078,0.007692307692307693,0.0,0.01757972199509403,0.027972027972027972,0.004524886877828055,0.03733333333333333,0.0,0.005235602094240838,0.0,0.0,0.0,0.029850746268656716,0.02611625947767481,0.010810810810810811,0.03696682464454976,0.00591715976331361,0.0055248618784530384,0.00749063670411985,0.03451251078515962,0.0,0.0,0.0,0.011247443762781187,0.0,0.0,0.004032258064516129,0.0,0.0,0.021739130434782608,0.5309281631677374,0.7265565272399566,0.2947353245309875,0.5714285714285714
10.645080552271287,0.7450980392156863,0.6666666666666667,0.41691673726890865,0.0,0.015068668036773314,0.6663923612269578,0.3948712290566491,0.3640241177004184,0.23529411764705882,0.07319045693489688,0.006535947712418301,0.07567786321327398,0.06575857209957726,0.03912363067292645,0.0,0.13953488372093023,0.0,0.0,0.003926701570680629,0.08737092930897537,0.001519756838905775,0.0,0.0,0.0582010582010582,0.0,0.0,0.0,0.0,0.0,0.06939935064935066,0.03461538461538462,0.005128205128205128,0.0633687653311529,0.03496503496503497,0.0,0.034666666666666665,0.0,0.010471204188481676,0.0,0.0,0.0,0.08236594803758983,0.03454085930918281,0.05045045045045045,0.03222748815165877,0.116370808678501,0.14917127071823205,0.0749063670411985,0.03882657463330458,0.0,0.0,0.0,0.06339468302658487,0.07450980392156863,0.0,0.13306451612903225,0.0,0.0,0.0,0.6934334640206388,0.6470951392978392,0.3149336801655077,0.14285714285714285
10.092737138352778,0.29411764705882354,1.0,0.34145796192325184,1.0,0.9999999999999998,0.17007988494408366,0.9198249585126654,0.9999999999999998,0.38235294117647056,0.0303275374039628,0.0,0.035613112100364226,0.004697040864255519,0.06181533646322379,0.0,0.0,0.0,0.0,0.0,0.0015885623510722795,0.0,0.019801980198019802,0.0,0.0,0.00510204081632653,0.0,0.034782608695652174,0.0,0.01098901098901099,0.03490259740259741,0.0038461538461538464,0.005128205128205128,0.034750613246116106,0.0,0.0,0.0,0.0,0.0,0.0,0.0,0.0,0.030956329463792148,0.02780117944397641,0.036036036036036036,0.0018957345971563982,0.027613412228796846,0.0,0.0,0.013805004314063849,0.0,0.0,0.0,0.05419222903885481,0.0,0.0,0.004032258064516129,0.0,0.0,0.0,0.5050716704627236,0.6438863474869952,0.24114275456584136,0.0
5.055417436868149,0.23529411764705882,0.0,0.7800852142376362,0.199645583689688,0.4684045556707386,0.44160931088526745,0.06952629121952253,0.0688960852026348,0.0,0.0004043671653861706,0.0,0.0004046944556859571,0.0004697040864255519,0.000782472613458529,0.0,0.0,0.0,0.0,0.0013089005235602095,0.0,0.0,0.0,0.0,0.0,0.0,0.0,0.0,0.0,0.0,0.00040584415584415587,0.0,0.0,0.0004088307440719542,0.0,0.0,0.0,0.0,0.0,0.0,0.0,0.0,0.000552791597567717,0.0008424599831508003,0.0009009009009009009,0.0,0.0,0.0,0.0,0.0,0.0,0.0,0.0,0.0,0.0,0.0,0.004032258064516129,0.0,0.0,0.0,0.09100313732307652,0.12404450120004445,0.2526963926326615,0.7142857142857142
8.64269921675583,0.5490196078431373,0.0,0.7872223460367271,0.23129908537505006,0.4729721793635515,0.3181049265448763,0.013832340242031753,0.05521111195309958,0.0,0.01940962393853619,0.0,0.01942533387292594,0.010803193987787695,0.019561815336463225,0.06153846153846154,0.0,0.017241379310344827,0.0,0.003926701570680629,0.002382843526608419,0.0,0.0,0.0,0.010582010582010581,0.00510204081632653,0.0,0.008695652173913044,0.0,0.0,0.019074675324675324,0.0,0.2358974358974359,0.01839738348323794,0.0,0.0,0.0026666666666666666,0.0,0.0,0.0,0.0,0.0,0.00718629076838032,0.030328559393428812,0.008108108108108109,0.0009478672985781991,0.00591715976331361,0.011049723756906077,0.003745318352059925,0.001725625539257981,0.0,0.0,0.0,0.009202453987730062,0.0,0.0,0.008064516129032258,0.0,0.0,0.0,0.5289811809119584,0.46081154766543586,0.2912124062363479,1.0
13.132771088791586,0.803921568627451,0.3333333333333333,0.4650739276417566,0.6059259060578519,0.8301759152307888,0.03468867497937467,0.34225030795523687,0.9852455752704745,0.058823529411764705,0.391023048928427,0.14705882352941177,0.37393767705382436,0.17895725692813527,0.458528951486698,0.09743589743589744,0.023255813953488372,0.06896551724137931,0.0,0.05104712041884817,0.004765687053216838,0.19908814589665652,0.0891089108910891,0.0,0.7566137566137565,0.04591836734693877,0.0,0.1391304347826087,0.0,0.0,0.3908279220779221,0.007692307692307693,0.13333333333333333,0.34505314799672937,0.21678321678321677,0.06334841628959277,0.23199999999999998,0.12162162162162163,0.03141361256544503,0.0,0.07272727272727272,0.0,0.42786069651741293,0.16512215669755687,0.10540540540540541,0.47962085308056873,0.2978303747534517,0.24861878453038672,0.07865168539325842,0.5099223468507335,0.0,0.0,0.0,0.16053169734151332,0.0784313725490196,0.0,0.3588709677419355,0.09090909090909091,0.0,0.021739130434782608,0.9148928609955667,0.8889521435734937,0.3301173286302398,0.7142857142857142
12.27483040938149,0.7254901960784313,0.3333333333333333,0.7000681757657072,0.4925272599731274,0.8232342395948442,0.03468867497937467,0.17301933693543456,0.9852455752704745,0.058823529411764705,0.17306914678528104,0.0032679738562091504,0.17361392148927562,0.06106153123532175,0.2347417840375587,0.015384615384615385,0.22093023255813954,0.05172413793103448,0.0,0.005235602094240838,0.03574265289912629,0.0,0.0,0.0,0.17989417989417988,0.03571428571428571,0.2,0.06956521739130435,0.0,0.0,0.16112012987012989,0.06153846153846154,0.13846153846153847,0.13450531479967295,0.09557109557109557,0.027149321266968326,0.08266666666666667,0.06756756756756757,0.12041884816753927,0.18518518518518517,0.0,0.0,0.21171918186843558,0.040438079191238416,0.06666666666666667,0.21516587677725119,0.16173570019723868,0.2541436464088398,0.27340823970037453,0.1553062985332183,0.0,0.0,0.0,0.08282208588957056,0.050980392156862744,0.0,0.1975806451612903,0.8181818181818182,0.0,0.0,0.8261658949654831,0.8337615993739065,0.2855173061778924,0.2857142857142857
11.066938557663299,0.43137254901960786,0.6666666666666667,0.03301672556838042,0.04087069094851703,0.20823546083338873,0.6908181516614036,0.12400018412207749,0.15071122692614103,0.29411764705882354,0.03315810756166599,0.0032679738562091504,0.036827195467422094,0.03334899013621419,0.017214397496087636,0.005128205128205128,0.0,0.017241379310344827,0.0,0.0,0.054011119936457505,0.0,0.0,0.0,0.0,0.0,0.1,0.0,0.0,0.0,0.03652597402597403,0.0038461538461538464,0.0,0.03679476696647588,0.0,0.0,0.0,0.0,0.0,0.0,0.0,0.0,0.043670536207849636,0.011794439764111203,0.062162162162162166,0.0037914691943127963,0.01183431952662722,0.011049723756906077,0.011235955056179775,0.004314063848144953,0.0,0.0,0.0,0.05419222903885481,0.047058823529411764,0.0,0.04435483870967742,0.0,0.0,0.0,0.6021866084951355,0.6842018786598476,0.32308118863843116,0.14285714285714285
13.83080452671372,0.803921568627451,0.3333333333333333,0.4650739276417566,0.6059259060578519,0.8301759152307888,0.03468867497937467,0.34225030795523687,0.9852455752704745,0.08823529411764705,0.5604528912252325,0.06209150326797386,0.5544314042897612,0.1395021136683889,0.8552425665101722,0.08205128205128205,0.023255813953488372,0.27586206896551724,0.0,0.022251308900523563,0.014297061159650515,0.10182370820668693,0.039603960396039604,0.0,0.43386243386243384,0.02551020408163265,0.1,0.33043478260869563,0.0,0.0,0.5629058441558442,0.0038461538461538464,0.14871794871794872,0.36304170073589537,1.0955710955710956,0.8054298642533937,0.45866666666666667,0.5810810810810811,0.3455497382198953,0.0,0.6909090909090909,0.1,0.7037037037037037,0.09856781802864363,0.03873873873873874,1.0407582938388626,0.2603550295857988,0.9889502762430938,0.3857677902621723,0.8179465056082831,0.0,0.0,0.0,0.13803680981595093,0.027450980392156862,0.1111111111111111,0.12903225806451613,0.0,0.0,0.0,0.9636538638277918,0.990059769136918,0.287884079653409,0.5714285714285714
7.852981317794156,0.8627450980392157,0.0,0.506454651082278,0.7185472182737556,0.9128519111596418,0.5289585934111329,0.8628128598899333,0.7877797689211679,0.0,0.006065507480792559,0.0,0.006070416835289356,0.0018788163457022077,0.009389671361502348,0.0,0.0,0.0,0.0,0.0,0.0,0.0,0.0,0.0,0.010582010582010581,0.00510204081632653,0.0,0.008695652173913044,0.0,0.0,0.006087662337662338,0.0,0.0,0.006132461161079314,0.0,0.0,0.0,0.0,0.0,0.0,0.0,0.0,0.0016583747927031507,0.010951979780960405,0.002702702702702703,0.0,0.0,0.0,0.0,0.0,0.0,0.0,0.0,0.0030674846625766876,0.0,0.0,0.0,0.0,0.0,0.0,0.39723994082982106,0.429808508219208,0.22243323965482673,1.0
11.264164188906319,0.5098039215686274,0.6666666666666667,0.3472161267773606,0.014294369077409996,0.20533574427621004,0.5531440810581714,0.12657914761727626,0.11807991977971222,0.5,0.09947432268499798,0.013071895424836602,0.1048158640226629,0.05119774542038516,0.12128325508607199,0.0,0.023255813953488372,0.017241379310344827,0.0,0.006544502617801047,0.043685464654487687,0.037993920972644375,0.0,0.0,0.026455026455026454,0.00510204081632653,0.1,0.09565217391304348,0.0,0.03296703296703297,0.10227272727272728,0.021153846153846155,0.010256410256410256,0.1017988552739166,0.004662004662004662,0.004524886877828055,0.008,0.0,0.0,0.0,0.0,0.0,0.1077943615257048,0.05812973883740522,0.10720720720720721,0.037914691943127965,0.07100591715976332,0.09944751381215469,0.07116104868913858,0.03364969801553063,0.0,0.0,0.0,0.11349693251533743,0.0784313725490196,0.1111111111111111,0.10483870967741934,0.0,0.0,0.0,0.7442631485625728,0.6894835720178237,0.3436949884671354,0.14285714285714285
12.831896403018144,0.4117647058823529,0.3333333333333333,0.5860126848846146,0.19209176230013547,0.39933896085268716,0.03468867497937467,0.06314638201398637,0.9852455752704745,0.4411764705882353,0.3348160129397493,0.16339869281045752,0.32092270335896395,0.257867543447628,0.23082942097026604,0.06666666666666667,0.0,0.0,0.0,0.017015706806282723,0.3796664019062748,0.00303951367781155,0.0,0.0,0.06349206349206349,0.06632653061224489,0.0,0.1391304347826087,0.0,0.02197802197802198,0.33969155844155846,0.011538461538461539,0.3384615384615385,0.3152085036794767,0.0,0.013574660633484163,0.17333333333333334,0.0,0.0,0.0,0.01818181818181818,0.0,0.36594803758982863,0.15332771693344566,0.17207207207207206,0.26066350710900477,0.38658777120315585,0.09944751381215469,0.052434456928838954,0.37791199309749784,0.0,0.0,0.0,0.2044989775051125,0.08235294117647059,0.0,0.6653225806451613,0.0,0.0,0.0,0.9232885779248676,0.8694747619215712,0.31465450114732496,0.7142857142857142
8.044626279767337,0.0196078431372549,0.3333333333333333,0.5252342936745391,0.34926774006368255,0.6569831721403829,0.03468867497937467,0.1327032586900812,0.9852455752704745,0.4117647058823529,0.5855236554791751,0.0196078431372549,0.5892351274787536,0.41333959605448567,0.45539906103286387,0.15897435897435896,0.08139534883720931,0.1724137931034483,1.0,0.29188481675392675,0.27243844320889593,0.05623100303951368,0.07920792079207921,1.0,0.41798941798941797,0.04591836734693877,0.0,0.1826086956521739,0.0,0.16483516483516486,0.5799512987012988,0.06153846153846154,0.2153846153846154,0.5322976287816844,0.19813519813519814,0.0904977375565611,0.03733333333333333,0.0,0.020942408376963352,0.0,0.0,0.0,0.6097291321171918,0.3032855939342881,0.5837837837837838,0.233175355450237,0.38658777120315585,0.09944751381215469,0.0449438202247191,0.35202761000862814,0.0,0.0,0.0,0.5828220858895706,0.3176470588235294,0.0,0.7137096774193549,0.0,0.0,0.0,0.9095550499508422,0.49672530925956937,0.15617281677363679,1.0
5.055417436868149,0.7843137254901961,0.0,0.8879568305969854,0.23685856993761334,0.5688826434354377,0.6998914862145771,0.34225030795523687,0.08632129978781822,0.0,0.0,0.0,0.0,0.0,0.000782472613458529,0.0,0.0,0.0,0.0,0.0,0.0,0.0,0.0,0.0,0.0,0.0,0.0,0.0,0.0,0.0,0.0,0.0,0.0,0.0,0.0,0.0,0.0,0.0,0.0,0.0,0.0,0.0,0.000552791597567717,0.0,0.0009009009009009009,0.0,0.0,0.0,0.0,0.0,0.0,0.0,0.0,0.0010224948875255625,0.0,0.0,0.0,0.0,0.0,0.0,0.015278272313176133,0.12404450120004445,0.2526963926326615,0.7142857142857142
12.728826118817304,0.9607843137254902,0.3333333333333333,0.5252342936745391,0.34926774006368255,0.6569831721403829,0.03468867497937467,0.8994148561309867,0.9852455752704745,0.029411764705882353,0.07804286291953093,0.0,0.07851072440307567,0.055425082198215125,0.06025039123630673,0.041025641025641026,0.0,0.0,0.0,0.06413612565445026,0.03494837172359015,0.007598784194528876,0.009900990099009901,0.0,0.026455026455026454,0.01020408163265306,0.0,0.008695652173913044,0.0,0.0,0.07873376623376624,0.0,0.015384615384615385,0.05478331970564186,0.13286713286713286,0.14027149321266968,0.029333333333333333,0.05405405405405406,0.06282722513089006,0.0,0.03636363636363636,0.1,0.09839690436705362,0.014321819713563605,0.016216216216216217,0.1165876777251185,0.07297830374753451,0.23204419889502761,0.08239700374531836,0.052631578947368425,0.014285714285714285,0.13178294573643412,0.0,0.026584867075664625,0.043137254901960784,0.0,0.07258064516129031,0.0,0.0,0.0,0.7639611350797726,0.8540710210843185,0.3215257720247635,0.2857142857142857
11.078486180193682,0.21568627450980393,1.0,0.560836085443738,0.838878215905555,0.8219564080756607,0.17007988494408366,0.7754961128782373,0.704263505852665,0.029411764705882353,0.07238172260412455,0.0,0.07284500202347227,0.02207609206200094,0.10485133020344288,0.0,0.0,0.12068965517241378,0.0,0.010471204188481676,0.005559968228752979,0.00911854103343465,0.009900990099009901,0.0,0.0,0.01020408163265306,0.1,0.09565217391304348,0.0,0.04395604395604396,0.0726461038961039,0.0019230769230769232,0.03076923076923077,0.06909239574816026,0.009324009324009324,0.004524886877828055,0.010666666666666666,0.0,0.0,0.0,0.0,0.0,0.046987285793255944,0.08087615838247683,0.02972972972972973,0.04265402843601896,0.013806706114398423,0.0,0.0,0.04227782571182054,0.0,0.0,0.0,0.03885480572597137,0.00392156862745098,0.0,0.004032258064516129,0.0,0.0,0.0,0.5703778139602258,0.7182105087716105,0.27718366428713803,0.5714285714285714
8.399769316254002,0.43137254901960786,0.6666666666666667,0.03301672556838042,0.04087069094851703,0.20823546083338873,0.6908181516614036,0.12400018412207749,0.15071122692614103,0.0,0.0004043671653861706,0.0,0.0004046944556859571,0.0009394081728511038,0.0,0.0,0.0,0.0,0.0,0.0,0.0015885623510722795,0.0,0.0,0.0,0.0,0.0,0.0,0.0,0.0,0.0,0.003246753246753247,0.0,0.0,0.0004088307440719542,0.0,0.0,0.0,0.0,0.0,0.0,0.0,0.0,0.000552791597567717,0.0008424599831508003,0.0009009009009009009,0.0,0.0,0.0,0.0,0.0,0.0,0.0,0.0,0.0010224948875255625,0.0,0.0,0.0,0.0,0.0,0.0,0.10897851993447427,0.0,0.3934925705248272,1.0
13.036293636935842,0.1568627450980392,0.0,0.8459773637810128,0.26142005679379565,0.4572909271964898,0.44160931088526745,0.09654746376519827,0.07766742607446786,0.029411764705882353,0.32996360695511523,0.0032679738562091504,0.330230675839741,0.20385157350868954,0.2996870109546166,0.27692307692307694,0.011627906976744186,0.034482758620689655,0.0,0.08900523560209425,0.013502779984114376,0.0364741641337386,0.09900990099009901,0.0,0.2804232804232804,0.33163265306122447,0.1,0.3565217391304348,0.0,1.076923076923077,0.32345779220779225,0.03461538461538462,0.03076923076923077,0.31766148814390843,0.03263403263403263,0.0,0.010666666666666666,0.0,0.0,0.0,0.0,0.0,0.39303482587064675,0.09014321819713562,0.5261261261261261,0.054976303317535544,0.13609467455621302,0.022099447513812154,0.07116104868913858,0.08714408973252805,0.0,0.0,0.0,0.5766871165644172,0.027450980392156862,0.0,0.25,0.0,0.0,0.0,0.8287044477411165,0.8681510265307195,0.3455425416867326,0.14285714285714285
10.615963473615844,0.3137254901960784,0.0,0.6909581939635858,0.3458000496585978,0.4729721793635515,0.44160931088526745,0.07730010837989094,0.0788279938955001,0.0,0.04609785685402345,0.0,0.04573047349251315,0.011272898074213247,0.07120500782472614,0.05128205128205128,0.0,0.0,0.0,0.006544502617801047,0.004765687053216838,0.0,0.009900990099009901,0.0,0.005291005291005291,0.0,0.0,0.008695652173913044,0.0,0.0,0.04545454545454546,0.0038461538461538464,0.005128205128205128,0.04538021259198692,0.0,0.004524886877828055,0.0,0.0,0.0,0.0,0.0,0.0,0.017689331122166942,0.06992417860151642,0.021621621621621623,0.007582938388625593,0.0,0.0,0.026217228464419477,0.0,0.0,0.0,0.0,0.023517382413087935,0.0,0.0,0.008064516129032258,0.0,0.0,0.0,0.6187919399935242,0.6758711160308873,0.27070885662931565,0.8571428571428572
8.699784378523338,1.0,1.0,0.5150409563792038,0.8731608035572247,0.8532145378302995,0.3509255743620958,0.641525423012638,0.6914845050846663,0.0,0.008491710473109582,0.0,0.0084985835694051,0.0028182245185533117,0.012519561815336464,0.005128205128205128,0.0,0.0,0.0,0.002617801047120419,0.0,0.0,0.009900990099009901,0.0,0.0,0.0,0.0,0.008695652173913044,0.0,0.0,0.007711038961038962,0.0019230769230769232,0.0,0.0073589533932951765,0.002331002331002331,0.0,0.0,0.013513513513513514,0.0,0.0,0.0,0.0,0.0038695411829740185,0.012636899747262004,0.006306306306306306,0.0,0.0,0.0,0.0,0.0,0.0,0.0,0.0,0.0071574642126789375,0.0,0.0,0.0,0.0,0.0,0.0,0.528229642610484,0.26651592131466767,0.5708807594453307,1.0
12.377142724512941,0.11764705882352941,0.6666666666666667,0.4285415570665858,0.02111640524822178,0.21827011645539596,0.8013218119507517,0.15463143285822029,0.073510943274816,0.7352941176470588,1.0,0.08823529411764706,1.0,1.0,0.2895148669796557,0.015384615384615385,0.03488372093023256,0.06896551724137931,0.05405405405405406,1.0,0.9999999999999999,0.02127659574468085,0.1188118811881188,0.18333333333333332,0.15343915343915343,0.030612244897959183,0.0,0.0782608695652174,0.0,0.14285714285714288,1.0000000000000002,0.06538461538461539,0.035897435897435895,1.0,0.02564102564102564,0.0,0.005333333333333333,0.0,0.0,0.0,0.0,0.0,1.0,0.5812973883740522,1.0,0.38009478672985786,0.5857988165680473,0.3204419889502762,0.4794007490636704,0.4400345125107852,0.0,0.0,0.0,1.0,1.0,0.0,0.6290322580645161,0.0,0.0,0.0,0.9262196739571944,0.8569662526483428,0.26762561554836506,0.0
12.242954086256418,0.0196078431372549,0.3333333333333333,0.5252342936745391,0.34926774006368255,0.6569831721403829,0.03468867497937467,0.1327032586900812,0.9852455752704745,0.4117647058823529,0.5855236554791751,0.0196078431372549,0.5892351274787536,0.41333959605448567,0.45539906103286387,0.15897435897435896,0.08139534883720931,0.1724137931034483,1.0,0.29188481675392675,0.27243844320889593,0.05623100303951368,0.07920792079207921,1.0,0.41798941798941797,0.04591836734693877,0.0,0.1826086956521739,0.0,0.16483516483516486,0.5799512987012988,0.06153846153846154,0.2153846153846154,0.5322976287816844,0.19813519813519814,0.0904977375565611,0.03733333333333333,0.0,0.020942408376963352,0.0,0.0,0.0,0.6097291321171918,0.3032855939342881,0.5837837837837838,0.233175355450237,0.38658777120315585,0.09944751381215469,0.0449438202247191,0.35202761000862814,0.0,0.0,0.0,0.5828220858895706,0.3176470588235294,0.0,0.7137096774193549,0.0,0.0,0.0,0.9095550499508422,0.8630227674136457,0.2400396207086586,0.0
10.189911834300744,1.0,1.0,0.5150409563792038,0.8731608035572247,0.8532145378302995,0.3509255743620958,0.641525423012638,0.6914845050846663,0.0,0.015365952284674482,0.0,0.015378389316066372,0.0028182245185533117,0.025821596244131457,0.005128205128205128,0.0,0.017241379310344827,0.0,0.0,0.0007942811755361397,0.0,0.0,0.0,0.0,0.0,0.0,0.017391304347826087,0.0,0.0,0.015422077922077924,0.0,0.0,0.013900245298446443,0.009324009324009324,0.0,0.010666666666666666,0.0,0.0,0.0,0.0,0.0,0.017689331122166942,0.005897219882055602,0.006306306306306306,0.016113744075829384,0.015779092702169626,0.0055248618784530384,0.0,0.019844693701466784,0.0,0.003875968992248062,0.0,0.015337423312883437,0.0,0.0,0.0,0.0,0.0,0.0,0.5545597610965318,0.5669876468290704,0.3624221173909338,0.7142857142857142
14.066702793224362,0.7843137254901961,0.0,0.8879568305969854,0.23685856993761334,0.5688826434354377,0.6998914862145771,0.34225030795523687,0.08632129978781822,0.14705882352941177,0.3048928427011727,0.0,0.30716309186564145,0.05918271488961954,0.4953051643192488,0.05128205128205128,0.011627906976744186,0.034482758620689655,0.0,0.017015706806282723,0.008737092930897538,0.02127659574468085,0.0,0.0,0.05291005291005291,0.15816326530612243,0.8,0.11304347826086956,0.0,0.01098901098901099,0.30560064935064934,0.009615384615384616,0.046153846153846156,0.23957481602616518,0.3682983682983683,0.027149321266968326,0.4026666666666667,0.013513513513513514,0.0,0.0,0.0,0.0,0.3355444997236042,0.12889637742207244,0.09549549549549549,0.4445497630331754,0.0631163708086785,0.30939226519337015,0.7977528089887641,0.2010353753235548,0.0,0.0,0.0,0.13701431492842536,0.00392156862745098,0.0,0.004032258064516129,0.0,0.0,0.0,0.8774926012467186,0.9565271466845222,0.36823796672454234,0.2857142857142857
9.473648037454815,0.21568627450980393,1.0,0.560836085443738,0.838878215905555,0.8219564080756607,0.17007988494408366,0.7754961128782373,0.704263505852665,0.0,0.01819652244237768,0.0,0.018211250505868068,0.005636449037106623,0.026604068857589987,0.0,0.0,0.034482758620689655,0.0,0.0013089005235602095,0.0007942811755361397,0.004559270516717325,0.0,0.0,0.0,0.0,0.1,0.034782608695652174,0.0,0.0,0.018262987012987016,0.0,0.0,0.017988552739165983,0.002331002331002331,0.0,0.0,0.0,0.0,0.0,0.0,0.0,0.01990049751243781,0.008424599831508003,0.013513513513513514,0.017061611374407582,0.00591715976331361,0.0,0.0,0.0181190681622088,0.0,0.0,0.0,0.016359918200409,0.0,0.0,0.008064516129032258,0.0,0.0,0.0,0.38390698221513797,0.5123712052402589,0.33706843439173073,0.7142857142857142
10.189911834300744,0.7647058823529411,1.0,0.5595173231014678,0.838226073925135,0.8248184759377593,0.17007988494408366,0.641525423012638,0.5677791850545848,0.0,0.017387788111605337,0.0,0.017401861594496155,0.0018788163457022077,0.03129890453834116,0.0,0.0,0.0,0.0,0.0,0.0007942811755361397,0.0,0.0297029702970297,0.0,0.0,0.0,0.0,0.0,0.0,0.0,0.017045454545454548,0.0019230769230769232,0.005128205128205128,0.016762060506950123,0.0,0.0,0.0,0.0,0.0,0.0,0.0,0.0,0.017136539524599224,0.010951979780960405,0.014414414414414415,0.009478672985781991,0.009861932938856016,0.0,0.0,0.012942191544434859,0.0,0.0,0.0,0.016359918200409,0.0,0.1111111111111111,0.012096774193548387,0.0,0.0,0.021739130434782608,0.4397579727065488,0.5928953930908546,0.3262095334667392,0.7142857142857142
13.628056504413776,0.5490196078431373,0.0,0.7872223460367271,0.23129908537505006,0.4729721793635515,0.3181049265448763,0.013832340242031753,0.05521111195309958,0.029411764705882353,0.29801860088960774,0.0,0.2986645082962363,0.11977454203851574,0.37715179968701096,0.20512820512820512,0.16279069767441862,0.017241379310344827,0.0,0.011780104712041885,0.10166799046862589,0.0060790273556231,0.0297029702970297,0.0,0.05291005291005291,0.1683673469387755,0.1,0.06956521739130435,0.0,0.03296703296703297,0.2978896103896104,0.007692307692307693,0.05128205128205128,0.22281275551921506,0.12121212121212122,0.022624434389140274,0.16266666666666665,0.0945945945945946,0.0,0.0,0.0,0.0,0.3189607517965727,0.13647851727042964,0.11441441441441441,0.38483412322274885,0.08875739644970415,0.20994475138121546,0.6591760299625469,0.1984469370146678,0.0,0.0,0.0,0.16155419222903886,0.011764705882352941,0.0,0.03629032258064516,0.0,0.0,0.08695652173913043,0.8791415294918974,0.9487769247524325,0.31686046594443695,0.2857142857142857
11.082784342883935,0.5294117647058824,1.0,0.9145875970408937,0.7572800314672792,0.8117260401202195,0.07509153890041631,0.6435103220546038,0.42114376871417347,0.0,0.04084108370400323,0.0,0.04087414002428166,0.008454673555659934,0.06572769953051644,0.005128205128205128,0.0,0.0,0.0,0.007853403141361258,0.0,0.007598784194528876,0.009900990099009901,0.0,0.005291005291005291,0.01020408163265306,0.0,0.008695652173913044,0.0,0.01098901098901099,0.04058441558441559,0.0019230769230769232,0.010256410256410256,0.03515944399018806,0.027972027972027972,0.013574660633484163,0.021333333333333333,0.02702702702702703,0.005235602094240838,0.0,0.0,0.0,0.04754007739082366,0.013479359730412805,0.02972972972972973,0.03127962085308057,0.03944773175542406,0.016574585635359115,0.04868913857677903,0.03278688524590164,0.0,0.0,0.0,0.02044989775051125,0.0392156862745098,0.3333333333333333,0.08870967741935484,0.0,0.0,0.0,0.5566404765983948,0.7094021406787481,0.2901116123143015,0.5714285714285714
12.889714770837054,0.27450980392156865,0.6666666666666667,0.7553230742000423,0.0199811553445004,0.23369118571164482,1.0,0.12657914761727626,0.05633257847914863,0.38235294117647056,0.6170642943792963,0.2549019607843137,0.5714285714285715,0.2738374823860968,0.6948356807511737,0.19487179487179487,0.011627906976744186,0.08620689655172414,0.0,0.03926701570680628,0.015091342335186655,0.48936170212765956,0.0891089108910891,0.0,0.12169312169312169,0.36734693877551017,0.2,0.3565217391304348,0.0,0.23076923076923078,0.5884740259740261,0.04038461538461539,0.11794871794871795,0.5834014717906787,0.0,0.004524886877828055,0.032,0.08108108108108109,0.0,0.0,0.0,0.0,0.6810392482034273,0.2552653748946925,0.45765765765765765,0.4483412322274882,0.504930966469428,0.7679558011049723,0.47191011235955055,0.3994823123382226,0.0,0.0,0.0,0.45092024539877307,0.7411764705882353,0.0,0.49193548387096775,0.09090909090909091,0.6666666666666666,0.0,0.9425666417199241,0.8909917613170195,0.29279847489885835,0.7142857142857142
11.231218631097029,0.6666666666666666,0.6666666666666667,0.35169784095659073,0.029608520891781787,0.0,0.5522022530833794,0.1329235153035067,0.35341598304656596,0.0,0.0715729882733522,0.0,0.07163091865641441,0.026303428839830906,0.09467918622848201,0.046153846153846156,0.0,0.0,0.0,0.0,0.011914217633042096,0.0,0.009900990099009901,0.05,0.06349206349206349,0.015306122448979591,0.2,0.052173913043478265,0.0,0.05494505494505495,0.06574675324675325,0.028846153846153848,0.0,0.06623058053965658,0.0,0.0,0.0026666666666666666,0.0,0.0,0.0,0.0,0.0,0.07573244886677723,0.03454085930918281,0.015315315315315315,0.0909952606635071,0.045364891518737675,0.22099447513812154,0.0149812734082397,0.0638481449525453,0.0,0.0,0.0,0.011247443762781187,0.01568627450980392,0.0,0.0967741935483871,0.0,0.0,0.0,0.6769801836543738,0.6639798445206306,0.3746663920358264,0.42857142857142855
12.601409401273614,0.2549019607843137,0.3333333333333333,0.6865935938489383,0.14813612323997383,0.40585689716635587,0.03468867497937467,0.06952629121952253,0.9852455752704745,0.29411764705882354,0.35018196522442374,0.006535947712418301,0.35329825981384055,0.29450446218882104,0.19561815336463223,0.6615384615384615,0.08139534883720931,0.39655172413793105,0.05405405405405406,0.21204188481675393,0.06751389992057188,0.11094224924012158,0.04950495049504951,0.0,0.24338624338624337,0.1020408163265306,0.0,0.3652173913043478,0.0,0.3626373626373627,0.35349025974025977,0.009615384615384616,0.28717948717948716,0.3331970564186427,0.0,0.1990950226244344,0.021333333333333333,0.0,0.015706806282722516,0.0,0.0,0.0,0.43836373687119956,0.06992417860151642,0.5342342342342342,0.06540284360189573,0.2603550295857988,0.13812154696132595,0.018726591760299626,0.14667817083692838,0.0,0.0,0.0,0.474437627811861,0.0784313725490196,0.0,0.967741935483871,0.2727272727272727,0.0,0.0,0.9082951813463105,0.8600021522351855,0.2951448368899059,0.14285714285714285
14.070470189880519,0.45098039215686275,1.0,0.3204493907854342,0.9128133915193448,0.8029061303373741,0.17007988494408366,0.543183078600783,0.6328094296748081,0.029411764705882353,0.24545086938940558,0.0032679738562091504,0.24564953460137598,0.17332080789102866,0.18779342723004694,0.005128205128205128,0.011627906976744186,0.0,0.0,0.003926701570680629,0.20969023034154088,0.001519756838905775,0.04950495049504951,0.016666666666666666,0.010582010582010581,0.3826530612244898,0.1,0.0782608695652174,0.0,0.06593406593406594,0.23863636363636365,0.038461538461538464,0.4564102564102564,0.20155355682747345,0.013986013986013986,0.004524886877828055,0.24,0.013513513513513514,0.0,0.0,0.0,0.0,0.05583195135433941,0.42796967144060655,0.09099099099099099,0.0,0.0019723865877712033,0.0055248618784530384,0.0,0.0,0.0,0.0,0.0,0.08384458077709613,0.07450980392156863,0.0,0.004032258064516129,0.0,0.0,0.0,0.774756246380069,0.9575199711089537,0.3674068182611737,0.42857142857142855
13.614987211560248,0.39215686274509803,0.0,0.8679115192441089,0.26639417816990285,0.5016593077852383,0.44160931088526745,0.06314638201398637,0.04429524126971951,0.14705882352941177,0.24747270521633644,0.006535947712418301,0.24888709024686365,0.24142790042273368,0.08137715179968702,0.0,0.0,0.05172413793103448,0.0,0.003926701570680629,0.3804606830818109,0.0,0.0,0.0,0.026455026455026454,0.1020408163265306,0.0,0.034782608695652174,0.0,0.0,0.23944805194805197,0.051923076923076926,0.6461538461538462,0.18969746524938677,0.0,0.022624434389140274,0.304,0.0,0.005235602094240838,0.0,0.0,0.0,0.22056384742951907,0.18365627632687445,0.06036036036036036,0.3023696682464455,0.027613412228796846,0.06077348066298342,0.7303370786516854,0.10612597066436584,0.0,0.0,0.0,0.07055214723926381,0.00784313725490196,0.0,0.012096774193548387,0.0,0.0,0.0,0.8481578377580583,0.9432485049720774,0.3226982087097383,0.2857142857142857
10.8241887440187,0.5882352941176471,0.6666666666666667,0.40986809888522613,0.019413267148308044,0.11695629760296478,0.0,0.1329235153035067,0.014165774399015119,0.029411764705882353,0.0703598867771937,0.0032679738562091504,0.07041683528935654,0.02160638797557539,0.10172143974960876,0.07692307692307693,0.011627906976744186,0.017241379310344827,0.0,0.011780104712041885,0.008737092930897538,0.00303951367781155,0.009900990099009901,0.0,0.0,0.0,0.0,0.026086956521739132,0.0,0.0,0.06493506493506493,0.028846153846153848,0.0,0.06541291905151267,0.0,0.0,0.0,0.0,0.0,0.0,0.0,0.0,0.08347153123272526,0.02106149957877001,0.025225225225225224,0.07582938388625593,0.08481262327416174,0.34806629834254144,0.00749063670411985,0.050043140638481455,0.0,0.0,0.0,0.015337423312883437,0.1843137254901961,0.1111111111111111,0.024193548387096774,0.0,0.0,0.0,0.6599635327318327,0.6978491864647723,0.269496504817729,0.2857142857142857
11.545554016725223,0.5882352941176471,0.6666666666666667,0.40986809888522613,0.019413267148308044,0.11695629760296478,0.0,0.1329235153035067,0.014165774399015119,0.0,0.07925596441568944,0.006535947712418301,0.07851072440307567,0.02207609206200094,0.11737089201877934,0.005128205128205128,0.023255813953488372,0.0,0.02702702702702703,0.010471204188481676,0.007942811755361398,0.00911854103343465,0.0,0.0,0.015873015873015872,0.01020408163265306,0.0,0.08695652173913043,0.0,0.0,0.0689935064935065,0.05,0.0,0.06909239574816026,0.002331002331002331,0.0,0.0026666666666666666,0.0,0.0,0.0,0.0,0.0,0.06688778330569375,0.06402695871946082,0.036936936936936934,0.037914691943127965,0.07889546351084813,0.22099447513812154,0.04119850187265918,0.025021570319240728,0.0,0.0,0.0,0.02044989775051125,0.20392156862745098,0.0,0.03629032258064516,0.0,0.0,0.0,0.6840615561584737,0.7117709012486542,0.3525072298764925,0.42857142857142855
11.95955241384437,0.9607843137254902,0.3333333333333333,0.5252342936745391,0.34926774006368255,0.6569831721403829,0.03468867497937467,0.8994148561309867,0.9852455752704745,0.029411764705882353,0.13182369591589163,0.0,0.132335087009308,0.07421324565523721,0.13302034428794993,0.03076923076923077,0.0,0.0,0.0,0.044502617801047126,0.04447974583002383,0.0121580547112462,0.0891089108910891,0.0,0.031746031746031744,0.01020408163265306,0.1,0.30434782608695654,0.0,0.0,0.13271103896103897,0.0,0.05128205128205128,0.1009811937857727,0.16317016317016317,0.08144796380090498,0.026666666666666665,0.12162162162162163,0.10471204188481675,0.0,0.43636363636363634,0.0,0.150359314538419,0.047177759056444814,0.06396396396396396,0.14786729857819905,0.08875739644970415,0.16574585635359115,0.06741573033707865,0.027610008628127698,0.04285714285714286,0.4573643410852713,0.0,0.052147239263803685,0.08235294117647059,0.0,0.1774193548387097,0.0,0.0,0.0,0.8429275741510918,0.7738159236638347,0.32455291446206014,0.0
12.601076558983143,0.0,0.0,0.6702175950216485,0.3402395422104352,0.46687386338483594,0.44160931088526745,0.1327032586900812,0.31513609642937834,0.0,0.028710068742418115,0.0,0.028733306353702952,0.010333489901362142,0.03755868544600939,0.0,0.0,0.0,0.0,0.005235602094240838,0.009531374106433677,0.0,0.009900990099009901,0.0,0.010582010582010581,0.00510204081632653,0.1,0.008695652173913044,0.0,0.0,0.02840909090909091,0.0,0.0,0.02820932134096484,0.002331002331002331,0.0,0.0,0.0,0.0,0.0,0.0,0.0,0.012161415146489774,0.04212299915754002,0.014414414414414415,0.005687203791469194,0.0,0.0,0.0,0.0051768766177739435,0.0,0.0,0.0,0.013292433537832313,0.00392156862745098,0.0,0.004032258064516129,0.0,0.0,0.0,0.4838531263112891,0.8639469666058388,0.28960841551479,0.14285714285714285
13.29428758528076,0.5098039215686274,0.6666666666666667,0.3472161267773606,0.014294369077409996,0.20533574427621004,0.5531440810581714,0.12657914761727626,0.11807991977971222,0.23529411764705882,0.5843105539830166,0.0032679738562091504,0.5876163496560097,0.22968529826209488,0.7550860719874805,0.1641025641025641,0.0,0.24137931034482757,0.0,0.013089005235602094,0.0818109610802224,0.39209726443768994,0.019801980198019802,0.016666666666666666,0.0582010582010582,0.07142857142857142,0.0,0.20869565217391306,0.0,0.2197802197802198,0.5799512987012988,0.046153846153846156,0.14871794871794872,0.5629599345870809,0.05827505827505827,0.004524886877828055,0.144,0.0,0.0,0.0,0.0,0.0,0.6666666666666666,0.20893007582139847,0.4927927927927928,0.3251184834123223,0.6232741617357003,0.11602209944751381,0.7602996254681648,0.3753235547886109,0.0,0.0,0.0,0.5858895705521473,0.5882352941176471,0.0,0.6290322580645161,0.0,0.0,0.0,0.964266861061732,0.9072185019095171,0.32751684818491056,0.0
12.713768747447043,0.8823529411764706,0.3333333333333333,0.5252342936745391,0.34926774006368255,0.6569831721403829,0.03468867497937467,0.8628128598899333,0.9852455752704745,0.08823529411764705,0.26607359482410026,0.0,0.2675030352084176,0.11178957256928136,0.3317683881064163,0.07692307692307693,0.0,0.08620689655172414,0.0,0.043193717277486915,0.006354249404289118,0.15045592705167174,0.0297029702970297,0.016666666666666666,0.2222222222222222,0.04081632653061224,0.0,0.13043478260869565,0.16666666666666666,0.02197802197802198,0.268262987012987,0.0,0.02564102564102564,0.22649223221586265,0.23776223776223776,0.1900452488687783,0.06666666666666667,0.08108108108108109,0.14659685863874347,0.037037037037037035,0.01818181818181818,0.4,0.29961304588170257,0.10109519797809603,0.0972972972972973,0.29383886255924174,0.2445759368836292,0.23756906077348067,0.10486891385767791,0.2467644521138913,0.014285714285714285,0.2945736434108527,0.0,0.11247443762781187,0.23137254901960785,0.0,0.25,0.0,0.0,0.0,0.8744510253535926,0.8615753508186779,0.3089032729087583,0.0
12.33287043701211,0.6078431372549019,1.0,0.29598599319098984,0.8661264713354688,0.761626775886338,0.13634633600366186,0.5036723087362601,0.3303569063510623,0.0,0.08693894055802669,0.00980392156862745,0.08619991906110887,0.017848755284170972,0.13771517996870108,0.041025641025641026,0.0,0.0,0.02702702702702703,0.007853403141361258,0.010325655281969817,0.0,0.0,0.016666666666666666,0.0,0.01020408163265306,0.1,0.026086956521739132,0.0,0.03296703296703297,0.0872564935064935,0.0019230769230769232,0.005128205128205128,0.06459525756336877,0.02564102564102564,0.004524886877828055,0.042666666666666665,0.02702702702702703,0.0,0.0,0.0,0.0,0.04145936981757877,0.11878685762426285,0.023423423423423424,0.04265402843601896,0.009861932938856016,0.027624309392265192,0.0149812734082397,0.03451251078515962,0.0,0.0,0.0,0.017382413087934562,0.0196078431372549,0.0,0.004032258064516129,0.0,0.0,0.043478260869565216,0.6563797768202362,0.7870554061259885,0.35902252883774577,0.2857142857142857
8.517275188054422,0.0784313725490196,0.0,0.771342056177104,0.22165658095098095,0.6003031599034898,0.44160931088526745,0.11185098618292234,0.26279908408611163,0.0,0.028710068742418115,0.0,0.028733306353702952,0.010333489901362142,0.03755868544600939,0.0,0.0,0.0,0.0,0.005235602094240838,0.009531374106433677,0.0,0.009900990099009901,0.0,0.010582010582010581,0.00510204081632653,0.1,0.008695652173913044,0.0,0.0,0.02840909090909091,0.0,0.0,0.02820932134096484,0.002331002331002331,0.0,0.0,0.0,0.0,0.0,0.0,0.0,0.012161415146489774,0.04212299915754002,0.014414414414414415,0.005687203791469194,0.0,0.0,0.0,0.0051768766177739435,0.0,0.0,0.0,0.013292433537832313,0.00392156862745098,0.0,0.004032258064516129,0.0,0.0,0.0,0.4838531263112891,0.5003461377886055,0.21813384711858783,0.0
13.145655126316369,0.23529411764705882,0.0,0.7800852142376362,0.199645583689688,0.4684045556707386,0.44160931088526745,0.06952629121952253,0.0688960852026348,0.0,0.2737565709664375,0.07516339869281045,0.26345609065155806,0.09112259276655707,0.37871674491392804,0.020512820512820513,0.0,0.3448275862068966,0.0,0.02356020942408377,0.03097696584590945,0.07598784194528875,0.009900990099009901,0.0,0.010582010582010581,0.1020408163265306,0.30000000000000004,0.2956521739130435,0.0,0.03296703296703297,0.2564935064935065,0.009615384615384616,0.05641025641025641,0.2534750613246116,0.002331002331002331,0.00904977375565611,0.018666666666666665,0.0,0.005235602094240838,0.0,0.0,0.0,0.26533996683250416,0.16680707666385847,0.044144144144144144,0.4,0.015779092702169626,0.016574585635359115,0.5955056179775281,0.22433132010353754,0.0,0.0,0.0,0.04601226993865031,0.00392156862745098,0.1111111111111111,0.020161290322580645,0.0,0.0,0.0,0.8423816767498962,0.9290645810765408,0.27585700352333575,0.5714285714285714
7.954298533858181,0.09803921568627451,0.3333333333333333,0.5445790945149738,0.2830344253846402,0.5934293492471407,0.03468867497937467,0.11185098618292234,0.9852455752704745,0.0,0.02507076425394258,0.0032679738562091504,0.024686361796843383,0.016439643024894316,0.02190923317683881,0.0,0.0,0.0,0.24324324324324326,0.017015706806282723,0.007148530579825257,0.0,0.0,0.0,0.005291005291005291,0.01020408163265306,0.0,0.008695652173913044,0.0,0.0,0.024756493506493508,0.0019230769230769232,0.0,0.02452984464431725,0.002331002331002331,0.0,0.0,0.0,0.0,0.0,0.0,0.0,0.007739082365948037,0.041280539174389216,0.012612612612612612,0.0,0.0,0.0,0.0,0.0,0.0,0.0,0.0,0.0081799591002045,0.0,0.0,0.024193548387096774,0.0,0.0,0.0,0.5271471748521297,0.5329569859736801,0.09282161792731639,1.0
10.842931746887697,0.3529411764705882,0.6666666666666667,0.20042292377848892,0.03974757247016658,0.25228844599212463,0.5757854814733516,0.14034995147487972,0.3046295769723224,0.029411764705882353,0.0372017792155277,0.0,0.03763658437879401,0.02677313292625646,0.028951486697965573,0.0,0.0,0.0,0.0,0.0,0.042891183478951544,0.0,0.0,0.0,0.005291005291005291,0.00510204081632653,0.0,0.008695652173913044,0.0,0.0,0.0377435064935065,0.0,0.010256410256410256,0.037203597710547834,0.0,0.0,0.0,0.0,0.0,0.0,0.0,0.0,0.04588170259812051,0.009267059814658803,0.05405405405405406,0.008530805687203791,0.027613412228796846,0.07734806629834254,0.003745318352059925,0.0060396893874029335,0.0,0.0,0.0,0.0572597137014315,0.050980392156862744,0.0,0.024193548387096774,0.0,0.0,0.0,0.5966667943372121,0.6923699902241139,0.27986606019684657,0.2857142857142857
11.505646839930515,0.43137254901960786,0.6666666666666667,0.03301672556838042,0.04087069094851703,0.20823546083338873,0.6908181516614036,0.12400018412207749,0.15071122692614103,0.029411764705882353,0.08208653457339264,0.0,0.08255766895993524,0.06106153123532175,0.05868544600938967,0.005128205128205128,0.0,0.0,0.0,0.007853403141361258,0.09531374106433677,0.0,0.009900990099009901,0.0,0.0,0.0,0.0,0.017391304347826087,0.0,0.0,0.07670454545454546,0.028846153846153848,0.10256410256410256,0.06909239574816026,0.0,0.03619909502262444,0.021333333333333333,0.013513513513513514,0.0,0.0,0.0,0.0,0.0685461580983969,0.06823925863521482,0.05405405405405406,0.04265402843601896,0.037475345167652864,0.09392265193370165,0.07865168539325842,0.022433132010353754,0.0,0.0,0.0,0.048057259713701436,0.027450980392156862,0.0,0.10080645161290322,0.0,0.0,0.0,0.7096786866326625,0.76730885865476,0.2691936786771305,0.5714285714285714
11.752283330927437,0.09803921568627451,0.3333333333333333,0.5445790945149738,0.2830344253846402,0.5934293492471407,0.03468867497937467,0.11185098618292234,0.9852455752704745,0.4117647058823529,0.5855236554791751,0.0196078431372549,0.5892351274787536,0.41333959605448567,0.45539906103286387,0.15897435897435896,0.08139534883720931,0.1724137931034483,1.0,0.29188481675392675,0.27243844320889593,0.05623100303951368,0.07920792079207921,1.0,0.41798941798941797,0.04591836734693877,0.0,0.1826086956521739,0.0,0.16483516483516486,0.5799512987012988,0.06153846153846154,0.2153846153846154,0.5322976287816844,0.19813519813519814,0.0904977375565611,0.03733333333333333,0.0,0.020942408376963352,0.0,0.0,0.0,0.6097291321171918,0.3032855939342881,0.5837837837837838,0.233175355450237,0.38658777120315585,0.09944751381215469,0.0449438202247191,0.35202761000862814,0.0,0.0,0.0,0.5828220858895706,0.3176470588235294,0.0,0.7137096774193549,0.0,0.0,0.0,0.9095550499508422,0.8110761981894365,0.24301031710518126,0.0
14.187524224752979,0.39215686274509803,0.0,0.8679115192441089,0.26639417816990285,0.5016593077852383,0.44160931088526745,0.06314638201398637,0.04429524126971951,0.11764705882352941,0.2903356247472705,0.06535947712418301,0.28409550789154187,0.25833724753405357,0.13536776212832552,0.005128205128205128,0.0,0.034482758620689655,0.0,0.002617801047120419,0.39952343129467827,0.0,0.0594059405940594,0.0,0.026455026455026454,0.1377551020408163,0.0,0.017391304347826087,0.0,0.02197802197802198,0.2804383116883117,0.05961538461538462,0.7128205128205128,0.22485690923957483,0.004662004662004662,0.04072398190045249,0.34933333333333333,0.0,0.0,0.0,0.0,0.0,0.1857379767827529,0.32603201347935973,0.21441441441441442,0.08056872037914692,0.025641025641025644,0.011049723756906077,0.26591760299625467,0.01898188093183779,0.0,0.0,0.0,0.25255623721881393,0.00784313725490196,0.0,0.020161290322580645,0.0,0.0,0.0,0.869077043539531,0.9728786572689212,0.3625552115100591,0.42857142857142855
13.501894405620392,0.9803921568627451,0.6666666666666667,0.3795757933818589,0.4301315171463127,0.6954101037924114,0.3764932608177993,1.0000000000000002,0.8769646242161813,0.14705882352941177,0.2976142337242216,0.17973856209150327,0.27762039660056653,0.15406294034758103,0.323943661971831,0.015384615384615385,0.0,0.29310344827586204,0.0,0.0013089005235602095,0.18506751389992057,0.022796352583586626,0.0297029702970297,0.0,0.12698412698412698,0.08163265306122448,0.0,0.043478260869565216,0.0,0.01098901098901099,0.2987012987012987,0.009615384615384616,0.041025641025641026,0.26124284546197873,0.20745920745920746,0.0,0.24533333333333332,0.04054054054054054,0.0,0.0,0.0,0.1,0.3852957435046987,0.037910699241786014,0.051351351351351354,0.39620853080568724,0.4378698224852071,0.03867403314917127,0.1310861423220974,0.2553925798101812,0.4714285714285714,1.0426356589147288,0.0,0.11758691206543968,0.3607843137254902,0.0,0.29032258064516125,0.0,0.0,0.0,0.9181117005276367,0.906223512501831,0.35840292214253267,0.7142857142857142
13.914903772643466,0.9411764705882353,0.0,0.37578484584451965,0.8462818023796173,0.9162631286854934,0.2722429126989585,0.8994148561309867,0.8882420346112776,0.1764705882352941,0.16538617064294378,0.022875816993464054,0.16511533791987051,0.10662282761860029,0.14788732394366197,0.16923076923076924,0.06976744186046512,0.017241379310344827,0.0,0.04973821989528796,0.05957108816521048,0.0060790273556231,0.009900990099009901,0.03333333333333333,0.13227513227513227,0.0510204081632653,0.0,0.052173913043478265,0.0,0.0,0.16801948051948054,0.0019230769230769232,0.020512820512820513,0.14758789860997548,0.11421911421911422,0.1719457013574661,0.032,0.0,0.010471204188481676,0.07407407407407407,0.0,0.0,0.21061359867330015,0.02948609941027801,0.17747747747747747,0.054976303317535544,0.24852071005917162,0.08287292817679558,0.0898876404494382,0.11993097497842968,0.014285714285714285,0.01937984496124031,0.0,0.2893660531697342,0.050980392156862744,0.0,0.10887096774193548,0.0,0.0,0.0,0.8664301822828853,0.9048835077225363,0.41890912195406704,0.14285714285714285
9.540888668087343,0.13725490196078433,1.0,0.5595173231014678,0.838226073925135,0.8248184759377593,0.17007988494408366,0.641525423012638,0.5677791850545848,0.0,0.029518803073190457,0.0,0.02954269526507487,0.0004697040864255519,0.05712050078247261,0.0,0.0,0.017241379310344827,0.0,0.0,0.0,0.0,0.0,0.0,0.0,0.0,0.0,0.0,0.0,0.0,0.029220779220779224,0.0019230769230769232,0.0,0.029435813573180702,0.0,0.0,0.0,0.0,0.0,0.0,0.0,0.0,0.02874516307352128,0.018534119629317607,0.03873873873873874,0.008530805687203791,0.0,0.0,0.0,0.0060396893874029335,0.0,0.0,0.0,0.029652351738241312,0.0392156862745098,0.0,0.016129032258064516,0.0,0.0,0.0,0.4073335412025354,0.5648938717666934,0.27316589603608576,0.0
12.903377767933641,0.43137254901960786,0.6666666666666667,0.03301672556838042,0.04087069094851703,0.20823546083338873,0.6908181516614036,0.12400018412207749,0.15071122692614103,0.5,0.547513141932875,0.006535947712418301,0.5536220153783894,0.4415218412400188,0.33724569640062596,0.0,0.0,0.3275862068965517,0.0,0.0,0.6973788721207307,0.0182370820668693,0.009900990099009901,0.0,0.06349206349206349,0.0,0.0,0.0782608695652174,0.0,0.09890109890109891,0.5535714285714287,0.009615384615384616,0.09230769230769231,0.5494685200327065,0.004662004662004662,0.0,0.04533333333333333,0.0,0.0,0.0,0.0,0.0,0.6340519624101714,0.18871103622577926,0.736936936936937,0.17535545023696683,0.2879684418145957,0.13259668508287292,0.5468164794007491,0.1285591026747196,0.0,0.0,0.0,0.6288343558282209,0.403921568627451,4.777777777777778,0.842741935483871,0.0,0.0,0.0,0.9487988756507393,0.891117688153416,0.29454997363577806,0.0
13.261114151865295,0.3137254901960784,0.0,0.6909581939635858,0.3458000496585978,0.4729721793635515,0.44160931088526745,0.07730010837989094,0.0788279938955001,0.058823529411764705,0.3178325919935301,0.042483660130718956,0.31282881424524484,0.1503053076561766,0.365414710485133,0.03076923076923077,0.046511627906976744,0.0,0.0,0.04973821989528796,0.08339952343129467,0.0,0.019801980198019802,0.0,0.6084656084656084,0.1173469387755102,0.1,0.1391304347826087,0.0,0.1098901098901099,0.3181818181818182,0.007692307692307693,0.18461538461538463,0.3058053965658218,0.0,0.05882352941176471,0.056,0.013513513513513514,0.0,0.0,0.0,0.0,0.3786622443338861,0.08761583824768324,0.4603603603603604,0.06445497630331753,0.21696252465483234,0.06629834254143646,0.09363295880149813,0.11993097497842968,0.0,0.0,0.0,0.4969325153374234,0.047058823529411764,0.5555555555555556,0.3508064516129032,0.0,0.0,0.0,0.8606201391067043,0.8807743437112823,0.35978867252120106,0.14285714285714285
8.939514105544406,0.09803921568627451,0.3333333333333333,0.5445790945149738,0.2830344253846402,0.5934293492471407,0.03468867497937467,0.11185098618292234,0.9852455752704745,0.0,0.017387788111605337,0.0,0.017401861594496155,0.009394081728511038,0.018779342723004695,0.005128205128205128,0.011627906976744186,0.0,0.0,0.013089005235602094,0.004765687053216838,0.0,0.0,0.0,0.0,0.0,0.0,0.0,0.0,0.01098901098901099,0.017045454545454548,0.0019230769230769232,0.0,0.017170891251022075,0.0,0.0,0.0,0.0,0.0,0.0,0.0,0.0,0.006080707573244887,0.02780117944397641,0.009009009009009009,0.0009478672985781991,0.0,0.0,0.0,0.0,0.0,0.0,0.0,0.010224948875255624,0.0,0.0,0.0,0.0,0.0,0.0,0.46765410216227266,0.5327046823497237,0.23285622779840118,0.8571428571428572
