Zone,PRECIP,TMPMAX,WINDLY,Irrg_Yes,Damage_No,Dreason_Weeds,Dreason_ShortageSeed,Dreason_UseBadCrop,Dmchem_Herbicide,Dmchem_Fungicide,D22a_DAP,D23_Compost,Fweight,Area,Yield,Irrg_No
0.0,0.8679115192441089,0.26639417816990285,0.06314638201398637,0.0,0.004694835680751174,0.0,0.0,0.01098901098901099,0.0,0.0,0.003745318352059925,0.00392156862745098,0.5055798441667936,0.4762861042710457,0.23278553377904057,0.016579053780832995
1.0,0.34145796192325184,1.0,0.9198249585126654,0.0,0.009389671361502348,0.0,0.0,0.0,0.0,0.0,0.0,0.00392156862745098,0.27067436474216067,0.4792011517070026,0.20162682743934188,0.005256773150020218
0.6666666666666667,0.41691673726890865,0.0,0.3948712290566491,0.029411764705882353,0.041471048513302036,0.00510204081632653,0.0,0.0,0.0026666666666666666,0.0,0.02247191011235955,0.06274509803921569,0.6721282620624982,0.6963946706761308,0.22764921821157422,0.06591184795794582
0.6666666666666667,0.7553230742000423,0.0199811553445004,0.12657914761727626,0.4411764705882353,0.647887323943662,0.3469387755102041,0.1,0.3626373626373627,0.013333333333333332,0.08108108108108109,0.5617977528089888,0.7725490196078432,0.9687518651682798,0.9155998491410873,0.27462990876730875,0.7569753336029114
1.0,0.3204493907854342,0.9128133915193448,0.543183078600783,0.0,0.008607198748043818,0.0,0.0,0.0,0.0,0.0,0.0,0.0,0.28318385067090457,0.5669876468290704,0.3624221173909338,0.004043671653861706
0.6666666666666667,0.3795757933818589,0.4301315171463127,1.0000000000000002,0.11764705882352941,0.06181533646322379,0.0,0.0,0.0,0.0,0.0,0.033707865168539325,0.12549019607843137,0.7357269838665326,0.7086625815952762,0.37223686971295844,0.06833805095026284
0.0,0.8459773637810128,0.26142005679379565,0.09654746376519827,0.0,0.001564945226917058,0.0,0.0,0.0,0.0,0.0,0.0,0.0,0.20172448644764363,0.12404450120004445,0.2526963926326615,0.0020218358269308533
0.3333333333333333,0.7358646162529867,0.43196772906820424,0.09654746376519827,0.20588235294117646,0.30907668231611896,0.04591836734693877,0.2,0.1208791208791209,0.0,0.0,0.0749063670411985,0.050980392156862744,0.8368867178854456,0.8419905690244344,0.23860285066458184,0.27011726647796197
1.0,0.3204493907854342,0.9128133915193448,0.543183078600783,0.029411764705882353,0.1056338028169014,0.1020408163265306,0.0,0.13186813186813187,0.016,0.0,0.0,0.03137254901960784,0.7029604238320144,0.7099798610069301,0.38294584604844584,0.1403154063890012
0.0,0.7800852142376362,0.199645583689688,0.06952629121952253,0.029411764705882353,0.22848200312989045,0.20918367346938774,0.2,0.17582417582417584,0.07466666666666666,0.0,0.07865168539325842,0.0196078431372549,0.845788643329275,0.8845451903429331,0.30168230519968675,0.28103517994338856
1.0,0.5595173231014678,0.838226073925135,0.641525423012638,0.0,0.05712050078247261,0.0,0.0,0.0,0.0,0.0,0.0,0.0392156862745098,0.4073335412025354,0.6701636206894763,0.2932905089044745,0.029518803073190457
0.6666666666666667,0.21845978568643076,0.37925738352506233,0.5571013194463246,0.0,0.11737089201877934,0.00510204081632653,0.2,0.0,0.048,0.0,0.08239700374531836,0.023529411764705882,0.6966511671672546,0.7608604126968646,0.29678368590091275,0.08936514355034371
0.0,0.9710429750488556,0.3000140525292636,0.17301933693543456,0.0,0.03286384976525822,0.0,0.0,0.0,0.0,0.0,0.0149812734082397,0.0,0.5476235662257987,0.5859617997335751,0.2868598928980629,0.02466639708855641
0.6666666666666667,0.41691673726890865,0.0,0.3948712290566491,0.3529411764705882,0.08998435054773084,0.0,0.0,0.0,0.029333333333333333,0.0,0.06367041198501873,0.0196078431372549,0.7243835347839565,0.7626238890846166,0.306953843577896,0.09219571370804691
0.6666666666666667,0.3795757933818589,0.4301315171463127,1.0000000000000002,0.029411764705882353,0.06181533646322379,0.0,0.0,0.0,0.008,0.013513513513513514,0.0149812734082397,0.027450980392156862,0.6452850007285553,0.7098329800159792,0.3244740743220186,0.04084108370400323
0.3333333333333333,0.7000681757657072,0.4925272599731274,0.17301933693543456,0.3235294117647059,0.7934272300469484,0.09183673469387754,0.6000000000000001,0.0,0.2906666666666667,0.7567567567567568,0.4794007490636704,0.07450980392156863,0.980065383250244,0.9887178762100415,0.28289916356378586,0.5669227658714112
0.0,0.8344571101257356,0.22165658095098095,0.041335399406376296,0.0,0.009389671361502348,0.0,0.0,0.0,0.0,0.0,0.003745318352059925,0.0,0.3397850111567817,0.3022398875724061,0.29151114714316284,0.004852405984634047
0.3333333333333333,0.5252342936745391,0.34926774006368255,0.8628128598899333,0.058823529411764705,0.018779342723004695,0.0,0.0,0.0,0.0,0.0,0.0,0.00392156862745098,0.5126014717352554,0.5843496638797467,0.25261719178895325,0.015365952284674482
0.3333333333333333,0.7358646162529867,0.43196772906820424,0.09654746376519827,0.5882352941176471,1.0,0.02551020408163265,0.1,0.4175824175824176,0.026666666666666665,0.0,0.15730337078651685,0.054901960784313725,0.9745678276989829,0.9751152038668223,0.22191944928776244,0.7982207844723008
1.0,0.29598599319098984,0.8661264713354688,0.5036723087362601,0.0,0.011737089201877934,0.00510204081632653,0.0,0.0,0.0,0.0,0.0,0.0,0.36286524494105454,0.26651592131466767,0.5708807594453307,0.008087343307723411
1.0,0.9145875970408937,0.7572800314672792,0.6435103220546038,0.0,0.007042253521126761,0.0,0.0,0.0,0.0,0.0,0.003745318352059925,0.0,0.25863062747914234,0.4792011517070026,0.20162682743934188,0.003639304488475536
0.0,0.6702175950216485,0.3402395422104352,0.1327032586900812,0.0,0.03755868544600939,0.00510204081632653,0.1,0.0,0.0,0.0,0.0,0.00392156862745098,0.4838531263112891,0.890219997207919,0.19713875530370692,0.028710068742418115
0.0,0.771342056177104,0.22165658095098095,0.11185098618292234,0.058823529411764705,0.3176838810641628,0.07142857142857142,0.0,0.19780219780219782,0.0,0.0,0.06741573033707865,0.011764705882352941,0.8113228776216748,0.8424627914966988,0.3303445119305254,0.37201779215527697
0.0,0.8459773637810128,0.26142005679379565,0.09654746376519827,0.0,0.03286384976525822,0.00510204081632653,0.0,0.02197802197802198,0.0026666666666666666,0.0,0.00749063670411985,0.0,0.5074819166302136,0.4905880324040319,0.23435204425791642,0.02668823291548726
0.6666666666666667,0.35169784095659073,0.029608520891781787,0.1329235153035067,0.0,0.000782472613458529,0.0,0.0,0.0,0.0,0.0,0.0,0.0,0.01611441445207351,0.0,0.3934925705248272,0.0
1.0,0.5150409563792038,0.8731608035572247,0.641525423012638,0.029411764705882353,0.10328638497652583,0.08673469387755102,0.0,0.0,0.058666666666666666,0.0,0.02247191011235955,0.0196078431372549,0.7413314579980608,0.7935994149669189,0.37835571065456175,0.06591184795794582
0.6666666666666667,0.13014859822812896,0.016002251626325403,0.5573728343825777,0.7352941176470588,0.2895148669796557,0.030612244897959183,0.0,0.14285714285714288,0.005333333333333333,0.0,0.4794007490636704,1.0,0.9262196739571944,0.5743765511035429,0.17545007212548488,1.0
0.6666666666666667,0.7553230742000423,0.0199811553445004,0.12657914761727626,0.0,0.0,0.0,0.0,0.0,0.0,0.0,0.0,0.0,0.0,0.0,0.3934925705248272,0.0
0.0,0.6909581939635858,0.3458000496585978,0.07730010837989094,0.0,0.002347417840375587,0.0,0.0,0.0,0.0,0.0,0.0,0.0,0.14584745706194635,0.12404450120004445,0.2526963926326615,0.0008087343307723413
0.3333333333333333,0.5252342936745391,0.34926774006368255,0.1327032586900812,0.4117647058823529,0.45539906103286387,0.04591836734693877,0.0,0.16483516483516486,0.03733333333333333,0.0,0.0449438202247191,0.3176470588235294,0.9095550499508422,0.9093730746237689,0.20503744177282376,0.5855236554791751
0.6666666666666667,0.13014859822812896,0.016002251626325403,0.5573728343825777,0.7352941176470588,0.2895148669796557,0.030612244897959183,0.0,0.14285714285714288,0.005333333333333333,0.0,0.4794007490636704,1.0,0.9262196739571944,0.6081777932812059,0.13919498948333073,1.0
1.0,0.5595173231014678,0.838226073925135,0.641525423012638,0.0,0.05712050078247261,0.0,0.0,0.0,0.0,0.0,0.0,0.0392156862745098,0.4073335412025354,0.4468572290302567,0.5303345553325177,0.029518803073190457
1.0,0.560836085443738,0.838878215905555,0.7754961128782373,0.11764705882352941,0.34194053208137715,0.14285714285714285,0.2,0.7582417582417583,0.0026666666666666666,0.0,0.0,0.00392156862745098,0.6999278021743232,0.6913490743650522,0.31349253409699984,0.27577840679336835
0.6666666666666667,0.35169784095659073,0.029608520891781787,0.1329235153035067,0.1764705882352941,0.0,0.20918367346938774,0.0,0.4395604395604396,0.192,0.0,0.48314606741573035,0.11764705882352941,0.9230449374392189,0.8950802030518483,0.32120333765899767,0.49858471492114836
0.0,0.7800852142376362,0.199645583689688,0.06952629121952253,0.08823529411764705,0.3317683881064163,0.32653061224489793,0.0,0.09890109890109891,0.21333333333333332,0.0,0.09737827715355805,0.00784313725490196,0.8588139669476007,0.9612725027981781,0.30093958712338786,0.31378892033966843
0.3333333333333333,0.7000681757657072,0.4925272599731274,0.17301933693543456,0.11764705882352941,0.47339593114241,0.13265306122448978,0.1,0.01098901098901099,0.09066666666666666,0.02702702702702703,0.11610486891385768,0.058823529411764705,0.902766237944665,0.8953280530082597,0.33026882455550066,0.32268499797816413
1.0,0.5595173231014678,0.838226073925135,0.641525423012638,0.0,0.003912363067292645,0.0,0.0,0.0,0.0,0.0,0.0,0.0,0.22640629584277383,0.4792011517070026,0.20162682743934188,0.003639304488475536
0.3333333333333333,0.5782867612793523,0.42156717872934646,0.013832340242031753,0.5,0.2996870109546166,0.01020408163265306,0.1,0.1208791208791209,0.013333333333333332,0.06756756756756757,0.14606741573033707,0.2196078431372549,0.9051066611671017,0.8695372052908699,0.33348748169117437,0.30651031136271734
1.0,0.5595173231014678,0.838226073925135,0.641525423012638,0.0,0.05712050078247261,0.0,0.0,0.0,0.0,0.0,0.0,0.0392156862745098,0.4073335412025354,0.7581469306518761,0.3017748723164303,0.029518803073190457
0.0,0.6702175950216485,0.3402395422104352,0.1327032586900812,0.0,0.03755868544600939,0.00510204081632653,0.1,0.0,0.0,0.0,0.0,0.00392156862745098,0.4838531263112891,0.429808508219208,0.22243323965482673,0.028710068742418115
0.0,0.37578484584451965,0.8462818023796173,0.8994148561309867,0.0,0.009389671361502348,0.0,0.0,0.0,0.0,0.0,0.003745318352059925,0.0,0.40738416839450653,0.429808508219208,0.22243323965482673,0.004448038819247877
0.0,0.9710429750488556,0.3000140525292636,0.17301933693543456,0.0,0.002347417840375587,0.0,0.0,0.0,0.0026666666666666666,0.0,0.003745318352059925,0.0,0.19457211568971544,0.12404450120004445,0.2526963926326615,0.001213101496158512
0.0,0.506454651082278,0.7185472182737556,0.8628128598899333,0.14705882352941177,0.3176838810641628,0.08163265306122448,0.2,0.01098901098901099,0.09333333333333332,0.02702702702702703,0.10112359550561797,0.23137254901960785,0.9010722438250303,0.8857863895690257,0.39750616147273665,0.357864941366761
1.0,0.34145796192325184,1.0,0.9198249585126654,0.0,0.007042253521126761,0.0,0.0,0.0,0.0,0.0,0.0,0.0,0.33417836114909005,0.26651592131466767,0.5708807594453307,0.008491710473109582
0.3333333333333333,0.7000681757657072,0.4925272599731274,0.17301933693543456,0.4411764705882353,0.3826291079812207,0.030612244897959183,0.1,0.0,0.056,0.16216216216216217,0.16479400749063672,0.21568627450980393,0.9113503319887963,0.8603948368551495,0.3361271548955882,0.3315810756166599
0.3333333333333333,0.48662598512564736,0.14070695822987567,0.041335399406376296,0.14705882352941177,0.5962441314553991,0.03571428571428571,0.0,0.14285714285714288,0.152,0.22972972972972974,0.5543071161048689,0.1764705882352941,0.9484534584991657,0.9781130565053726,0.2859317638985853,0.44682571775171853
1.0,0.6602446732346863,0.7636901240577938,0.443043498418371,0.029411764705882353,0.28012519561815336,0.36224489795918363,0.0,0.05494505494505495,0.30666666666666664,0.0,0.11235955056179775,0.03137254901960784,0.7859045566374574,0.9815583562900134,0.41214131827025924,0.2147189648200566
0.0,0.8879568305969854,0.23685856993761334,0.34225030795523687,0.0,0.03442879499217527,0.0,0.0,0.0,0.0,0.0,0.0,0.0,0.533284145762358,0.6455542838432903,0.3100427490430514,0.021027092600080875
0.3333333333333333,0.5252342936745391,0.34926774006368255,0.8628128598899333,0.2647058823529412,0.7942097026604069,0.02040816326530612,0.2,0.0,0.11733333333333333,0.21621621621621623,0.40074906367041196,0.2392156862745098,0.9596037648426308,0.9804946387548692,0.28879957191044214,0.5264860493327942
0.0,0.8879568305969854,0.23685856993761334,0.34225030795523687,0.058823529411764705,0.3208137715179969,0.1377551020408163,0.7000000000000001,0.0,0.08266666666666667,0.05405405405405406,0.16479400749063672,0.07058823529411765,0.8720550924301509,0.8940434651085478,0.3938771959946148,0.2972098665588354
0.0,1.0,0.2307928432935773,0.0,0.08823529411764705,0.3333333333333333,0.015306122448979591,0.4,0.01098901098901099,0.128,0.16216216216216217,0.5430711610486891,0.01568627450980392,0.8448954822980901,0.9369596163937017,0.2765218837482182,0.236959158916296
0.6666666666666667,0.41691673726890865,0.0,0.3948712290566491,0.029411764705882353,0.01486697965571205,0.00510204081632653,0.0,0.0,0.0,0.0,0.018726591760299626,0.011764705882352941,0.5685260644254346,0.6370714247976725,0.28405709979804394,0.027901334411645773
0.0,0.6909581939635858,0.3458000496585978,0.07730010837989094,0.029411764705882353,0.018779342723004695,0.00510204081632653,0.0,0.01098901098901099,0.0,0.0,0.0,0.0,0.5265218265394516,0.429808508219208,0.22243323965482673,0.022240194096239386
1.0,0.5595173231014678,0.838226073925135,0.641525423012638,0.0,0.05712050078247261,0.0,0.0,0.0,0.0,0.0,0.0,0.0392156862745098,0.4073335412025354,0.884175331527608,0.277842373907638,0.029518803073190457
0.6666666666666667,0.3795757933818589,0.4301315171463127,1.0000000000000002,0.0,0.05242566510172144,0.0,0.0,0.0,0.0,0.0,0.0,0.023529411764705882,0.6430435885623975,0.7353828306543082,0.3871929707041789,0.036797412050141524
0.6666666666666667,0.7553230742000423,0.0199811553445004,0.12657914761727626,0.29411764705882354,0.07511737089201878,0.0,0.2,0.07692307692307693,0.0,0.0,0.018726591760299626,0.09803921568627451,0.6807130947953561,0.6414203586844445,0.2895075617496269,0.07521229276182774
0.6666666666666667,0.20042292377848892,0.03974757247016658,0.14034995147487972,0.4117647058823529,0.3082942097026604,0.02040816326530612,0.2,0.06593406593406594,0.0,0.0,0.29213483146067415,0.4196078431372549,0.9198136771450702,0.8854547023681114,0.3072480590760718,0.48241002830570157
1.0,0.5721474680434446,0.8254404609960844,0.264670356923154,0.0,0.3513302034428795,0.6428571428571428,0.2,0.28571428571428575,0.19466666666666665,0.013513513513513514,0.0,0.011764705882352941,0.7571664071003525,0.9575199711089537,0.3674068182611737,0.27780024262029923
0.0,0.9710429750488556,0.3000140525292636,0.17301933693543456,0.08823529411764705,0.4107981220657277,0.17346938775510204,0.1,0.0,0.21333333333333332,0.0,0.6479400749063671,0.00784313725490196,0.8564298263055503,0.9544607264186185,1.0,0.27780024262029923
0.3333333333333333,0.5252342936745391,0.34926774006368255,0.8994148561309867,0.1764705882352941,0.10093896713615023,0.05612244897959183,0.0,0.0,0.024,0.33783783783783783,0.06367041198501873,0.14509803921568626,0.879879492445834,0.898152640212746,0.388253635677559,0.18479579458148
0.6666666666666667,0.7553230742000423,0.0199811553445004,0.12657914761727626,0.0,0.03599374021909233,0.0,0.0,0.0,0.0,0.0,0.00749063670411985,0.00784313725490196,0.5504814795163215,0.6234614489501581,0.2882916942005296,0.027901334411645773
0.3333333333333333,0.5252342936745391,0.34926774006368255,0.8994148561309867,0.029411764705882353,0.13536776212832552,0.12755102040816327,0.2,0.0,0.056,0.2702702702702703,0.21348314606741572,0.06274509803921569,0.8970561300933877,0.9367250357368682,0.3846868231898549,0.21916700363930447
0.3333333333333333,0.5782867612793523,0.42156717872934646,0.013832340242031753,0.029411764705882353,0.024256651017214397,0.0,0.1,0.01098901098901099,0.0,0.0,0.0,0.0,0.5247044848617044,0.6020267183168644,0.22495962151400248,0.014961585119288313
0.3333333333333333,0.18776153966326437,0.1544801817195971,0.07730010837989094,0.23529411764705882,0.3333333333333333,0.030612244897959183,0.0,0.03296703296703297,0.048,0.0,0.018726591760299626,0.29411764705882354,0.8891781069165281,0.8525201238879492,0.28212741861750046,0.286696320258795
0.6666666666666667,0.21845978568643076,0.37925738352506233,0.5571013194463246,0.08823529411764705,0.09389671361502347,0.0,0.0,0.0,0.0026666666666666666,0.0,0.03745318352059925,0.058823529411764705,0.660915862177855,0.7026497598455499,0.29041267641123947,0.07278608976951072
1.0,0.34145796192325184,1.0,0.9198249585126654,0.0,0.2378716744913928,0.4081632653061224,0.30000000000000004,0.09890109890109891,0.14133333333333334,0.04054054054054054,0.00749063670411985,0.011764705882352941,0.7470689725252451,0.9450365734770934,0.3123805237760886,0.22523251112009704
0.6666666666666667,0.47276059061510667,0.012014722357924335,0.14398988020642978,0.029411764705882353,0.1541471048513302,0.015306122448979591,0.0,0.05494505494505495,0.005333333333333333,0.0,0.20599250936329588,0.023529411764705882,0.7366219345205074,0.7829487481652304,0.23225345972286018,0.16053376465830974
0.6666666666666667,0.40986809888522613,0.019413267148308044,0.1329235153035067,0.29411764705882354,0.6471048513302035,0.02551020408163265,0.1,0.01098901098901099,0.09333333333333332,0.0,1.0,0.7333333333333333,0.9445034595106392,0.9027555765115352,0.2971665631889914,0.575818843509907
0.6666666666666667,0.47276059061510667,0.012014722357924335,0.14398988020642978,0.029411764705882353,0.08137715179968702,0.01020408163265306,0.1,0.03296703296703297,0.0,0.0,0.011235955056179775,0.0196078431372549,0.637296464339256,0.6757554406057044,0.2770735815608023,0.07319045693489688
0.0,0.8459773637810128,0.26142005679379565,0.09654746376519827,0.029411764705882353,0.09233176838810642,0.00510204081632653,0.0,0.01098901098901099,0.0,0.0,0.0,0.0,0.6042832111605616,0.7304071250358172,0.24301031710518126,0.051354630004043667
1.0,0.5150409563792038,0.8731608035572247,0.641525423012638,0.1764705882352941,0.19092331768388107,0.09693877551020408,0.0,0.0,0.042666666666666665,0.0,0.02247191011235955,0.011764705882352941,0.8794517957161918,0.7579173177933307,0.41838104245236885,0.1928831378892034
0.0,0.8879568305969854,0.23685856993761334,0.34225030795523687,0.14705882352941177,0.5367762128325508,0.39285714285714285,0.30000000000000004,0.0,0.5093333333333333,0.0,0.4344569288389513,0.011764705882352941,0.8971616008051015,0.9736867487319971,0.41004210036836575,0.35099069955519613
1.0,0.5150409563792038,0.8731608035572247,0.641525423012638,0.0,0.08450704225352113,0.00510204081632653,0.1,0.0,0.08533333333333333,0.0,0.02247191011235955,0.00392156862745098,0.7051978904732203,0.7593175063632898,0.32071830870705387,0.050950262838657494
0.3333333333333333,0.6865935938489383,0.14813612323997383,0.06952629121952253,0.029411764705882353,0.024256651017214397,0.0,0.0,0.0,0.0,0.0,0.0,0.0,0.5382272115263815,0.6454715107681088,0.24782736524623186,0.01819652244237768
0.0,0.7800852142376362,0.199645583689688,0.06952629121952253,0.08823529411764705,0.35211267605633806,0.32653061224489793,0.2,0.1098901098901099,0.216,0.013513513513513514,0.8389513108614233,0.0,0.8551819789141526,0.941638482106248,0.30168230519968675,0.3036797412050141
0.3333333333333333,0.0,0.5440619227752022,0.0,0.0,0.03286384976525822,0.0,0.0,0.01098901098901099,0.0,0.0,0.011235955056179775,0.00784313725490196,0.5948518714105331,0.6354379589640669,0.2337556077985363,0.027092600080873434
0.0,0.6909581939635858,0.3458000496585978,0.07730010837989094,0.08823529411764705,0.4827856025039124,0.10714285714285714,0.30000000000000004,0.13186813186813187,0.19733333333333333,0.02702702702702703,0.7191011235955056,0.03137254901960784,0.8579231380532191,0.9432485049720774,0.3226982087097383,0.3109583501819652
0.3333333333333333,0.5252342936745391,0.34926774006368255,0.8628128598899333,0.0,0.03129890453834116,0.0,0.1,0.0,0.0,0.0,0.0,0.0,0.5672239397165488,0.5432711883846075,0.15123670202647205,0.021835826930853213
0.0,0.8459773637810128,0.26142005679379565,0.09654746376519827,0.0,0.5500782472613459,0.24999999999999997,1.0,0.47252747252747257,0.056,0.0,0.7378277153558053,0.0196078431372549,0.8462699874497046,0.9350919617553297,0.27088366571134115,0.3663566518398706
0.0,0.8344571101257356,0.22165658095098095,0.041335399406376296,0.029411764705882353,0.4076682316118936,0.0,0.1,0.02197802197802198,0.018666666666666665,0.02702702702702703,0.42696629213483145,0.01568627450980392,0.8402475444074875,0.9119674151845518,0.24742082081036562,0.25839061868176305
0.0,1.0,0.2307928432935773,0.0,0.029411764705882353,0.31690140845070425,0.08163265306122448,0.2,0.07692307692307693,0.216,0.0,0.5280898876404494,0.01568627450980392,0.8512240427945166,0.9482295678012918,0.31585845000618495,0.24181156490093003
0.3333333333333333,0.5782867612793523,0.42156717872934646,0.013832340242031753,0.38235294117647056,0.41236306729264477,0.03571428571428571,0.0,0.06593406593406594,0.14666666666666667,0.12162162162162163,0.056179775280898875,0.16862745098039217,0.8920896924261814,0.8812683299292459,0.3298138508695495,0.27780024262029923
0.6666666666666667,0.03301672556838042,0.04087069094851703,0.12400018412207749,0.0,0.004694835680751174,0.0,0.0,0.02197802197802198,0.0026666666666666666,0.0,0.0,0.0,0.4492598178353733,0.6923699902241139,0.27986606019684657,0.010917913465426607
0.0,0.506454651082278,0.7185472182737556,0.8628128598899333,0.0,0.4413145539906103,0.260204081632653,0.0,0.0,0.6026666666666667,0.013513513513513514,0.4344569288389513,0.00784313725490196,0.8848464629698127,0.9902454774687353,0.4074725721816277,0.3125758188435099
0.3333333333333333,0.5252342936745391,0.34926774006368255,0.1327032586900812,0.4117647058823529,0.45539906103286387,0.04591836734693877,0.0,0.16483516483516486,0.03733333333333333,0.0,0.0449438202247191,0.3176470588235294,0.9095550499508422,0.5602660687987051,0.18691622385260184,0.5855236554791751
1.0,0.6602446732346863,0.7636901240577938,0.443043498418371,0.0,0.0,0.0,0.0,0.0,0.0,0.0,0.0,0.0,0.3511217804629443,0.5669876468290704,0.3624221173909338,0.0068742418115649
0.3333333333333333,0.5782867612793523,0.42156717872934646,0.013832340242031753,0.14705882352941177,0.17449139280125195,0.01020408163265306,0.1,0.03296703296703297,0.032,0.013513513513513514,0.1947565543071161,0.08235294117647059,0.7943684261096811,0.8157272536020744,0.3145959009020317,0.12980186008896077
0.3333333333333333,0.0,0.5440619227752022,0.0,0.0,0.2683881064162754,0.030612244897959183,0.4,0.15384615384615385,0.27199999999999996,0.05405405405405406,0.1797752808988764,0.16470588235294117,0.9171158459474051,0.8717427515568836,0.2855173061778924,0.33602911443590777
0.3333333333333333,0.5782867612793523,0.42156717872934646,0.013832340242031753,0.0,0.017996870109546165,0.0,0.0,0.0,0.0,0.0,0.0,0.0,0.5585128625174369,0.5432711883846075,0.15123670202647205,0.019813991103922363
0.6666666666666667,0.4285415570665858,0.02111640524822178,0.15463143285822029,0.0,0.006259780907668232,0.0,0.0,0.0,0.0026666666666666666,0.0,0.00749063670411985,0.00392156862745098,0.5206951705100469,0.5069617194491659,0.295918417379305,0.04528912252325111
0.6666666666666667,0.35169784095659073,0.029608520891781787,0.1329235153035067,0.20588235294117646,0.5782472613458529,0.08673469387755102,0.2,0.5824175824175825,0.058666666666666666,0.0,0.9213483146067416,0.16470588235294117,0.9314902246100256,0.8975722378946827,0.29697525363376,0.5216336433481601
0.3333333333333333,0.5860126848846146,0.19209176230013547,0.06314638201398637,0.4411764705882353,0.3943661971830986,0.061224489795918366,0.0,0.01098901098901099,0.26666666666666666,0.0,0.20599250936329588,0.0784313725490196,0.9735480626736712,0.9747585613071303,0.26634020543071935,0.5188030731904569
0.3333333333333333,0.5252342936745391,0.34926774006368255,0.8628128598899333,0.5,0.4256651017214398,0.04591836734693877,0.5,0.01098901098901099,0.064,0.013513513513513514,0.1348314606741573,0.6,0.9174238410172393,0.8693627264894106,0.35790528212894,0.36797412050141526
0.3333333333333333,0.0,0.5440619227752022,0.0,0.23529411764705882,0.20579029733959311,0.04591836734693877,0.1,0.3626373626373627,0.032,0.08108108108108109,0.18726591760299627,0.20784313725490194,0.9099129195514262,0.8717470785136658,0.3313247929526425,0.31823695915891625
0.3333333333333333,0.7358646162529867,0.43196772906820424,0.09654746376519827,0.7352941176470588,0.2511737089201878,0.14795918367346939,0.2,0.7912087912087913,0.013333333333333332,0.05405405405405406,0.011235955056179775,0.2588235294117647,0.8852080116232945,0.8446683636347152,0.28869814163210306,0.3813182369591589
1.0,0.560836085443738,0.838878215905555,0.7754961128782373,0.08823529411764705,0.7261345852895149,0.9999999999999999,0.2,0.40659340659340665,0.03733333333333333,0.0,0.003745318352059925,0.00784313725490196,0.7551395201261477,0.9185718443586075,0.3101300233578177,0.5414476344520824
0.3333333333333333,0.18776153966326437,0.1544801817195971,0.07730010837989094,0.2647058823529412,0.3794992175273865,0.5255102040816326,0.1,0.1208791208791209,0.0,0.0,0.011235955056179775,0.0784313725490196,0.9345763582985549,0.9400248362952714,0.3204069258562412,0.41690254751314193
0.6666666666666667,0.5047139432645285,0.361369781246756,0.9175463384094971,0.4411764705882353,0.6502347417840376,0.336734693877551,0.30000000000000004,0.07692307692307693,0.5013333333333333,0.02702702702702703,0.4606741573033708,0.8117647058823529,0.9317640443919566,0.9014439837205939,0.330722344648924,0.5584310553983016
0.6666666666666667,0.21845978568643076,0.37925738352506233,0.5571013194463246,0.0,0.001564945226917058,0.0,0.0,0.0,0.0,0.0,0.0,0.0,0.09081982728856564,0.0,0.3934925705248272,0.0004043671653861706
1.0,0.5595173231014678,0.838226073925135,0.641525423012638,0.0,0.008607198748043818,0.00510204081632653,0.0,0.0,0.0,0.0,0.003745318352059925,0.0,0.3059943846855937,0.264162762129759,0.2974530449582681,0.00646987464617873
1.0,0.5595173231014678,0.838226073925135,0.641525423012638,0.0,0.08685446009389672,0.015306122448979591,0.0,0.0,0.048,0.0,0.03745318352059925,0.011764705882352941,0.573692751112372,0.7366733547609498,0.29041267641123947,0.05054589567327133
1.0,0.3204493907854342,0.9128133915193448,0.543183078600783,0.0,0.028951486697965573,0.0,0.0,0.0,0.0026666666666666666,0.0,0.0,0.00392156862745098,0.5015597324762497,0.7306444002171502,0.2890214950931709,0.027092600080873434
0.0,0.771342056177104,0.22165658095098095,0.11185098618292234,0.029411764705882353,0.4287949921752739,0.12755102040816327,0.1,0.03296703296703297,0.013333333333333332,0.0,0.550561797752809,0.07450980392156863,0.8099005344112398,0.9141891527311254,0.25775627495144193,0.3675697533360291
1.0,0.5595173231014678,0.838226073925135,0.641525423012638,0.0,0.020344287949921755,0.00510204081632653,0.0,0.0,0.0,0.0,0.0,0.0,0.3207125508390367,0.5426048438600571,0.12287489490958081,0.011726647796198947
0.6666666666666667,0.5047139432645285,0.361369781246756,0.9175463384094971,0.029411764705882353,0.5751173708920188,0.24999999999999997,0.4,0.04395604395604396,0.16,0.0,0.40074906367041196,0.7529411764705882,0.9200618989727154,0.8893461943863805,0.31892555427776215,0.4864536999595633
0.0,0.506454651082278,0.7185472182737556,0.8628128598899333,0.0,0.051643192488262914,0.0,0.0,0.0,0.0,0.0,0.018726591760299626,0.0,0.6034940337869441,0.6824978049863,0.319253198205094,0.03639304488475535
0.0,0.7872223460367271,0.23129908537505006,0.013832340242031753,0.029411764705882353,0.04773082942097027,0.0,0.0,0.01098901098901099,0.0,0.0,0.04119850187265918,0.00392156862745098,0.5752595397388098,0.6549917168422308,0.3062382696946214,0.027092600080873434
0.3333333333333333,0.0,0.5440619227752022,0.0,0.14705882352941177,0.6275430359937403,0.030612244897959183,0.0,0.15384615384615385,0.35733333333333334,0.472972972972973,0.752808988764045,0.17254901960784313,0.9736584326855762,0.9756674671008967,0.2855173061778924,0.5244642135058633
0.3333333333333333,0.5860126848846146,0.19209176230013547,0.06314638201398637,0.2647058823529412,0.07668231611893583,0.030612244897959183,0.0,0.0,0.013333333333333332,0.013513513513513514,0.00749063670411985,0.2392156862745098,0.8891737337384775,0.8603318887208065,0.3338817080984142,0.2632430246663971
0.3333333333333333,0.0,0.5440619227752022,0.0,0.058823529411764705,0.14553990610328638,0.02040816326530612,0.2,0.07692307692307693,0.050666666666666665,0.05405405405405406,0.32958801498127344,0.011764705882352941,0.8162388710618058,0.8130240376914171,0.300660062907376,0.15851192883137888
1.0,0.6602446732346863,0.7636901240577938,0.443043498418371,0.0,0.013302034428794993,0.0,0.0,0.0,0.0,0.0,0.0,0.0,0.33933453783246437,0.26651592131466767,0.5708807594453307,0.00646987464617873
0.3333333333333333,0.6865935938489383,0.14813612323997383,0.06952629121952253,0.7352941176470588,0.9491392801251957,0.23979591836734693,0.30000000000000004,0.07692307692307693,0.2613333333333333,0.05405405405405406,0.20973782771535582,0.03137254901960784,1.0,0.9847372848937934,0.24146199401717913,0.7141124140719773
0.3333333333333333,0.18776153966326437,0.1544801817195971,0.07730010837989094,0.6176470588235294,0.7363067292644757,0.015306122448979591,0.2,0.1098901098901099,0.088,0.13513513513513514,0.14232209737827717,0.12549019607843137,0.983381947093602,0.9747585613071303,0.26634020543071935,0.6008896077638496
0.3333333333333333,0.5782867612793523,0.42156717872934646,0.013832340242031753,0.20588235294117646,0.3364632237871675,0.04591836734693877,0.1,0.08791208791208792,0.18133333333333332,0.20270270270270271,0.10861423220973783,0.1843137254901961,0.890038106103503,0.8624250262569684,0.2923047294671691,0.27052163364334814
0.3333333333333333,0.48662598512564736,0.14070695822987567,0.041335399406376296,0.058823529411764705,0.568075117370892,0.18877551020408162,0.1,0.14285714285714288,0.058666666666666666,0.02702702702702703,0.4157303370786517,0.27058823529411763,0.9354168811314234,0.9616065156716347,0.3622015965714547,0.39466235341690253
0.6666666666666667,0.21845978568643076,0.37925738352506233,0.5571013194463246,0.11764705882352941,0.6948356807511737,0.3061224489795918,0.1,0.02197802197802198,0.2826666666666667,0.02702702702702703,0.599250936329588,0.49411764705882355,0.9144525521802629,0.9048595889762576,0.3117781211263646,0.49898908208653453
0.0,0.8344571101257356,0.22165658095098095,0.041335399406376296,0.0,0.001564945226917058,0.0,0.0,0.0,0.0,0.0,0.0,0.0,0.22383624860450846,0.12404450120004445,0.2526963926326615,0.0016174686615446827
1.0,0.5150409563792038,0.8731608035572247,0.641525423012638,0.0,0.06416275430359937,0.0,0.0,0.0,0.026666666666666665,0.0,0.003745318352059925,0.0,0.6642133651849713,0.6438863474869952,0.24114275456584136,0.03639304488475535
1.0,0.29598599319098984,0.8661264713354688,0.5036723087362601,0.0,0.006259780907668232,0.0,0.0,0.0,0.0026666666666666666,0.0,0.0,0.0,0.255680282818637,0.4792011517070026,0.20162682743934188,0.003234937323089365
1.0,0.5595173231014678,0.838226073925135,0.641525423012638,0.0,0.05712050078247261,0.0,0.0,0.0,0.0,0.0,0.0,0.0392156862745098,0.4073335412025354,0.23941021250771077,0.18629134389195975,0.029518803073190457
1.0,0.9145875970408937,0.7572800314672792,0.6435103220546038,0.0,0.032081377151799685,0.0,0.0,0.0,0.0,0.0,0.0,0.011764705882352941,0.45060217349063225,0.5732876242124879,0.3183503513607757,0.016579053780832995
0.6666666666666667,0.13014859822812896,0.016002251626325403,0.5573728343825777,0.7352941176470588,0.2895148669796557,0.030612244897959183,0.0,0.14285714285714288,0.005333333333333333,0.0,0.4794007490636704,1.0,0.9262196739571944,0.8840173334756307,0.22094159236579305,1.0
0.6666666666666667,0.3472161267773606,0.014294369077409996,0.12657914761727626,0.14705882352941177,0.1431924882629108,0.00510204081632653,0.0,0.01098901098901099,0.008,0.02702702702702703,0.16853932584269662,0.0784313725490196,0.758521638779786,0.7967848138696191,0.2777328010203015,0.1156490093004448
0.0,0.6702175950216485,0.3402395422104352,0.1327032586900812,0.0,0.03755868544600939,0.00510204081632653,0.1,0.0,0.0,0.0,0.0,0.00392156862745098,0.4838531263112891,0.9485700435502928,0.2760789764669186,0.028710068742418115
1.0,0.5595173231014678,0.838226073925135,0.641525423012638,0.0,0.03286384976525822,0.02040816326530612,0.0,0.0,0.03733333333333333,0.0,0.0,0.0,0.46845562214888714,0.6233693597217711,0.36648905340898186,0.02547513141932875
1.0,0.9145875970408937,0.7572800314672792,0.6435103220546038,0.0,0.001564945226917058,0.0,0.0,0.01098901098901099,0.0,0.0,0.0,0.0,0.1795491639034561,0.26651592131466767,0.5708807594453307,0.0020218358269308533
0.6666666666666667,0.40986809888522613,0.019413267148308044,0.1329235153035067,0.23529411764705882,0.13145539906103287,0.03571428571428571,0.0,0.0,0.010666666666666666,0.0,0.07865168539325842,0.07450980392156863,0.7053297130356815,0.7593446287766232,0.2774035739647307,0.09017387788111605
0.6666666666666667,0.35169784095659073,0.029608520891781787,0.1329235153035067,0.029411764705882353,0.0782472613458529,0.0,0.1,0.0,0.005333333333333333,0.0,0.018726591760299626,0.03137254901960784,0.6821621247766108,0.6995732819462062,0.2750773533253169,0.0772341285887586
0.0,0.771342056177104,0.22165658095098095,0.11185098618292234,0.029411764705882353,0.5031298904538342,0.02040816326530612,0.2,0.05494505494505495,0.005333333333333333,0.0,0.4681647940074906,0.01568627450980392,0.8054575694637256,0.9062001932806878,0.22935482950515076,0.35543873837444395
1.0,0.5595173231014678,0.838226073925135,0.641525423012638,0.0,0.12441314553990611,0.015306122448979591,0.1,0.0,0.11733333333333333,0.013513513513513514,0.0599250936329588,0.0,0.5630758053114877,0.751556132352879,0.3060588111770459,0.07521229276182774
0.0,0.7872223460367271,0.23129908537505006,0.013832340242031753,0.029411764705882353,0.3364632237871675,0.04081632653061224,0.0,0.06593406593406594,0.09866666666666667,0.14864864864864866,0.5093632958801498,0.01568627450980392,0.8523913528293523,0.9173293608516548,0.27552339192795816,0.2450465022240194
1.0,0.560836085443738,0.838878215905555,0.7754961128782373,0.0,0.028169014084507043,0.0,0.0,0.03296703296703297,0.0,0.0,0.0,0.0,0.3163185537042945,0.34609712174283436,0.35185845512515757,0.020622725434694702
0.6666666666666667,0.4285415570665858,0.02111640524822178,0.15463143285822029,0.0,0.027386541471048513,0.0,0.0,0.0,0.0,0.0,0.0,0.00784313725490196,0.4138755252943156,0.5719472071275681,0.19636306119590854,0.01779215527699151
1.0,0.5595173231014678,0.838226073925135,0.641525423012638,0.058823529411764705,0.16040688575899845,0.015306122448979591,0.0,0.02197802197802198,0.0026666666666666666,0.0,0.00749063670411985,0.0196078431372549,0.5669645588505123,0.7863165668310711,0.24850236256420763,0.10028305701577032
0.6666666666666667,0.47276059061510667,0.012014722357924335,0.14398988020642978,0.0,0.0297339593114241,0.00510204081632653,0.0,0.0,0.0,0.0,0.0,0.0,0.4542212651498896,0.5730209523953461,0.3088643542933567,0.016579053780832995
0.3333333333333333,0.0,0.5440619227752022,0.0,0.029411764705882353,0.18309859154929578,0.09183673469387754,0.5,0.1208791208791209,0.144,0.013513513513513514,0.50187265917603,0.054901960784313725,0.9182981974028164,0.9251053465273162,0.3161932418323553,0.3505863323898099
0.6666666666666667,0.4285415570665858,0.02111640524822178,0.15463143285822029,0.11764705882352941,0.08215962441314555,0.015306122448979591,0.0,0.02197802197802198,0.0026666666666666666,0.0,0.15355805243445694,0.13333333333333333,0.7115259112454984,0.7789534842317049,0.2077551700015358,0.19247877072381722
1.0,0.6602446732346863,0.7636901240577938,0.443043498418371,0.0,0.025821596244131457,0.0,0.0,0.0,0.0,0.0,0.0,0.00392156862745098,0.42520514496030115,0.6438863474869952,0.24114275456584136,0.01334411645774363
0.0,0.37578484584451965,0.8462818023796173,0.8994148561309867,0.029411764705882353,0.13615023474178403,0.1173469387755102,0.0,0.0,0.224,0.02702702702702703,0.31086142322097376,0.03137254901960784,0.8596112548033679,0.9860382703179327,0.3971285046660208,0.15932066316215124
0.3333333333333333,0.4650739276417566,0.6059259060578519,0.34225030795523687,0.0,0.010172143974960877,0.0,0.0,0.0,0.0,0.0,0.0,0.0,0.3800670585517052,0.5432711883846075,0.15123670202647205,0.006065507480792559
0.6666666666666667,0.13014859822812896,0.016002251626325403,0.5573728343825777,0.7352941176470588,0.2895148669796557,0.030612244897959183,0.0,0.14285714285714288,0.005333333333333333,0.0,0.4794007490636704,1.0,0.9262196739571944,0.7628813003682542,0.20151856399747095,1.0
1.0,0.34145796192325184,1.0,0.9198249585126654,0.08823529411764705,0.13302034428794993,0.22448979591836732,0.1,0.23076923076923078,0.026666666666666665,0.0,0.0,0.03137254901960784,0.7012793996312583,0.701054929688577,0.2935849127469454,0.15649009300444802
0.0,0.8344571101257356,0.22165658095098095,0.041335399406376296,0.0,0.013302034428794993,0.0,0.0,0.0,0.0026666666666666666,0.0,0.018726591760299626,0.0,0.4314440975363467,0.41588157091170996,0.28289916356378586,0.010513546300040436
0.6666666666666667,0.20042292377848892,0.03974757247016658,0.14034995147487972,0.0,0.027386541471048513,0.0,0.0,0.0,0.0,0.0,0.0,0.011764705882352941,0.49231210826251615,0.5970613536246031,0.2752618541650482,0.016174686615446826
0.0,0.8459773637810128,0.26142005679379565,0.09654746376519827,0.029411764705882353,0.4874804381846635,0.04591836734693877,0.1,0.2527472527472528,0.005333333333333333,0.0,0.4943820224719101,0.0,0.8398805724388019,0.9203950508393788,0.22718047259522342,0.3522038010513546
0.0,0.506454651082278,0.7185472182737556,0.8628128598899333,0.0,0.011737089201877934,0.00510204081632653,0.0,0.0,0.0026666666666666666,0.0,0.0149812734082397,0.00392156862745098,0.43622982247806386,0.4717743306003943,0.31298038079881285,0.009704811969268095
0.6666666666666667,0.7553230742000423,0.0199811553445004,0.12657914761727626,0.08823529411764705,0.05320813771517997,0.030612244897959183,0.0,0.02197802197802198,0.0,0.0,0.00749063670411985,0.023529411764705882,0.6179545201680741,0.6557286814038789,0.27418104936249443,0.045693489688637276
1.0,0.34145796192325184,1.0,0.9198249585126654,0.0,0.06807511737089202,0.01020408163265306,0.0,0.03296703296703297,0.024,0.013513513513513514,0.0,0.0,0.5411803057254634,0.6869543634774731,0.27019177968604924,0.045693489688637276
0.3333333333333333,0.48662598512564736,0.14070695822987567,0.041335399406376296,0.029411764705882353,0.19953051643192488,0.015306122448979591,0.0,0.01098901098901099,0.008,0.04054054054054054,0.20599250936329588,0.09803921568627451,0.7981568606161695,0.8313065089428017,0.3008464735296944,0.13991103922361503
0.3333333333333333,0.4650739276417566,0.6059259060578519,0.34225030795523687,0.08823529411764705,0.3951486697965571,0.02551020408163265,0.1,0.05494505494505495,0.07733333333333334,0.13513513513513514,0.16104868913857678,0.12156862745098039,0.9091677572880505,0.8581972028902667,0.34417629756446844,0.3813182369591589
1.0,0.5595173231014678,0.838226073925135,0.641525423012638,0.029411764705882353,0.24256651017214398,0.14795918367346939,0.0,0.04395604395604396,0.0026666666666666666,0.0,0.003745318352059925,0.08235294117647059,0.6132175302494458,0.771546199423676,0.3051580995986082,0.15527699150828952
0.6666666666666667,0.47276059061510667,0.012014722357924335,0.14398988020642978,0.0,0.15571205007824726,0.19387755102040816,0.0,0.1208791208791209,0.0,0.0,0.0299625468164794,0.00392156862745098,0.7125036692900681,0.7281802197336913,0.2908131045145561,0.13424989890820865
0.3333333333333333,0.7000681757657072,0.4925272599731274,0.17301933693543456,0.0,0.018779342723004695,0.0,0.0,0.0,0.0026666666666666666,0.0,0.0,0.00392156862745098,0.4851123153388548,0.5855032611466751,0.23240439186732517,0.012535382126971289
0.3333333333333333,0.18776153966326437,0.1544801817195971,0.07730010837989094,0.0,0.025039123630672927,0.0,0.0,0.0,0.0,0.0,0.0,0.0,0.5409980744823448,0.5963375230202818,0.23291170117608115,0.01860088960776385
1.0,0.9145875970408937,0.7572800314672792,0.6435103220546038,0.0,0.01486697965571205,0.0,0.0,0.0,0.0026666666666666666,0.0,0.0,0.00392156862745098,0.3512456487058886,0.5237429808046197,0.32743963759367,0.007278608976951071
0.0,0.8879568305969854,0.23685856993761334,0.34225030795523687,0.0,0.006259780907668232,0.00510204081632653,0.1,0.0,0.0026666666666666666,0.0,0.026217228464419477,0.0,0.4463427779006992,0.45723401425717936,0.2938787072674718,0.011322280630812778
0.6666666666666667,0.20042292377848892,0.03974757247016658,0.14034995147487972,0.47058823529411764,0.35524256651017216,0.01020408163265306,0.1,0.04395604395604396,0.008,0.0,0.20973782771535582,0.3137254901960784,0.9395710029816322,0.891117688153416,0.29454997363577806,0.5632834613829357
0.6666666666666667,0.41691673726890865,0.0,0.3948712290566491,0.6764705882352942,0.3967136150234742,0.061224489795918366,0.0,0.0,0.192,0.0,0.6741573033707865,0.21568627450980393,0.9415902229373041,0.9081224645662913,0.29417189498304874,0.5192074403558431
1.0,0.9145875970408937,0.7572800314672792,0.6435103220546038,0.029411764705882353,0.22535211267605634,0.0510204081632653,0.0,0.23076923076923078,0.04,0.02702702702702703,0.0149812734082397,0.047058823529411764,0.7210738143511943,0.7145613158655809,0.36979377489015364,0.15244642135058634
0.6666666666666667,0.20042292377848892,0.03974757247016658,0.14034995147487972,0.0,0.0,0.0,0.0,0.0,0.0,0.0,0.0,0.0,0.2887142381483452,0.0,0.3934925705248272,0.003234937323089365
0.0,0.771342056177104,0.22165658095098095,0.11185098618292234,0.0,0.005477308294209703,0.0,0.0,0.0,0.0,0.0,0.0,0.0,0.192412542354918,0.12404450120004445,0.2527479625660468,0.002426202992317024
1.0,0.5721474680434446,0.8254404609960844,0.264670356923154,0.058823529411764705,0.19092331768388107,0.1683673469387755,0.1,0.3626373626373627,0.008,0.0,0.0,0.0392156862745098,0.6890323137972909,0.7099798610069301,0.38294584604844584,0.16457743631217145
0.3333333333333333,0.6865935938489383,0.14813612323997383,0.06952629121952253,0.6470588235294118,0.49608763693270735,0.1020408163265306,0.0,0.13186813186813187,0.16266666666666665,0.013513513513513514,0.04119850187265918,0.06666666666666667,0.9350148873588344,0.8775406543965816,0.2592624075794332,0.42094621916700364
0.3333333333333333,0.4650739276417566,0.6059259060578519,0.34225030795523687,0.0,0.02269170579029734,0.0,0.0,0.0,0.0,0.0,0.0,0.0,0.4973096239571757,0.600728630938181,0.23435204425791642,0.014152850788515971
0.3333333333333333,0.5445790945149738,0.2830344253846402,0.11185098618292234,0.5,0.594679186228482,0.04081632653061224,0.0,0.14285714285714288,0.0026666666666666666,0.0,0.16479400749063672,0.16078431372549018,0.933605003997859,0.9458429601790384,0.2212682937033176,0.6837848766680146
0.3333333333333333,0.7000681757657072,0.4925272599731274,0.17301933693543456,0.0,0.02112676056338028,0.0,0.1,0.0,0.0,0.0,0.00749063670411985,0.01568627450980392,0.5014539634583008,0.4557942932453325,0.27350763885943286,0.01334411645774363
0.6666666666666667,0.40986809888522613,0.019413267148308044,0.1329235153035067,0.0,0.023474178403755867,0.0,0.0,0.0,0.0,0.0,0.003745318352059925,0.00392156862745098,0.44373655296968684,0.5578274352578144,0.28767983261314134,0.012131014961585118
0.0,0.506454651082278,0.7185472182737556,0.8628128598899333,0.20588235294117646,0.40375586854460094,0.01020408163265306,0.1,0.01098901098901099,0.27199999999999996,0.14864864864864866,0.5842696629213483,0.00784313725490196,0.8700625049634878,0.9344923407650481,0.299536429057648,0.2972098665588354
0.6666666666666667,0.5047139432645285,0.361369781246756,0.9175463384094971,0.0,0.0,0.0,0.0,0.0,0.0,0.0,0.0,0.0,0.1487757595368494,0.0,0.3934925705248272,0.0008087343307723413
0.0,0.8679115192441089,0.26639417816990285,0.06314638201398637,0.14705882352941177,0.16588419405320814,0.01020408163265306,0.0,0.06593406593406594,0.13333333333333333,0.0,0.6329588014981273,0.0,0.8614911379469776,0.924464687967028,0.6260757208518235,0.27011726647796197
0.0,0.771342056177104,0.22165658095098095,0.11185098618292234,0.029411764705882353,0.44053208137715183,0.1683673469387755,0.0,0.09890109890109891,0.0,0.0,0.1198501872659176,0.058823529411764705,0.8334484849931381,0.967995050173021,0.30093958712338786,0.4310553983016579
0.0,0.6702175950216485,0.3402395422104352,0.1327032586900812,0.0,0.03755868544600939,0.00510204081632653,0.1,0.0,0.0,0.0,0.0,0.00392156862745098,0.4838531263112891,0.9111951738042894,0.20430383978609565,0.028710068742418115
0.3333333333333333,0.5445790945149738,0.2830344253846402,0.11185098618292234,0.029411764705882353,0.08450704225352113,0.28061224489795916,0.0,0.01098901098901099,0.0,0.0,0.011235955056179775,0.10196078431372549,0.844759467806917,0.9364711408062665,0.2976437121037854,0.3113627173473514
1.0,0.29598599319098984,0.8661264713354688,0.5036723087362601,0.23529411764705882,0.23630672926447574,0.04591836734693877,0.30000000000000004,0.07692307692307693,0.026666666666666665,0.013513513513513514,0.00749063670411985,0.0196078431372549,0.7378565981477709,0.7271415986779771,0.40318960739074006,0.15689446016983422
0.3333333333333333,0.5252342936745391,0.34926774006368255,0.8994148561309867,0.0,0.003912363067292645,0.00510204081632653,0.0,0.0,0.0,0.013513513513513514,0.0,0.0,0.39090369336287134,0.5432711883846075,0.15123670202647205,0.004448038819247877
0.6666666666666667,0.3472161267773606,0.014294369077409996,0.12657914761727626,0.0,0.000782472613458529,0.0,0.0,0.0,0.0,0.0,0.0,0.0,0.028464160145293627,0.0,0.3934925705248272,0.0
0.6666666666666667,0.4285415570665858,0.02111640524822178,0.15463143285822029,0.0,0.012519561815336464,0.0,0.0,0.0,0.0,0.0,0.00749063670411985,0.06274509803921569,0.5436331847152918,0.67106543767175,0.2600095233487959,0.05256773150020218
0.3333333333333333,0.5252342936745391,0.34926774006368255,0.8628128598899333,0.029411764705882353,0.2589984350547731,0.015306122448979591,0.1,0.0,0.07466666666666666,0.12162162162162163,0.299625468164794,0.14901960784313725,0.8226996092376091,0.8330890647085192,0.31212266418021184,0.1803477557622321
0.0,0.37578484584451965,0.8462818023796173,0.8994148561309867,0.029411764705882353,0.1651017214397496,0.061224489795918366,0.30000000000000004,0.01098901098901099,0.104,0.013513513513513514,0.4307116104868914,0.00784313725490196,0.8509699165545237,0.9603782262682865,0.3788404635507885,0.1471896482005661
0.0,0.6909581939635858,0.3458000496585978,0.07730010837989094,0.029411764705882353,0.017214397496087636,0.0,0.0,0.01098901098901099,0.008,0.0,0.00749063670411985,0.00392156862745098,0.4745545999096117,0.4762861042710457,0.23278553377904057,0.014557217953902142
0.6666666666666667,0.03301672556838042,0.04087069094851703,0.12400018412207749,0.29411764705882354,0.365414710485133,0.015306122448979591,0.0,0.08791208791208792,0.08,0.0,0.43820224719101125,0.3411764705882353,0.9325896453617517,0.8854547023681114,0.3072480590760718,0.48119692680954307
0.3333333333333333,0.5445790945149738,0.2830344253846402,0.11185098618292234,0.029411764705882353,0.12832550860719874,0.030612244897959183,0.0,0.07692307692307693,0.0,0.0,0.0299625468164794,0.09019607843137255,0.7985516955439105,0.8106278744911013,0.2292006180087284,0.239385361908613
0.3333333333333333,0.0,0.5440619227752022,0.0,0.08823529411764705,0.0,0.0510204081632653,0.8,0.05494505494505495,0.16,0.04054054054054054,0.11235955056179775,0.10980392156862745,0.930650371285737,0.9108327527617299,0.32039403290984647,0.36797412050141526
1.0,0.6602446732346863,0.7636901240577938,0.443043498418371,0.0,0.1189358372456964,0.1020408163265306,0.0,0.05494505494505495,0.128,0.0,0.056179775280898875,0.0,0.6605673232274336,0.8122884466253651,0.3718420108533601,0.08370400323493732
0.3333333333333333,0.5782867612793523,0.42156717872934646,0.013832340242031753,0.8235294117647058,0.7065727699530516,0.03571428571428571,0.0,0.09890109890109891,0.18133333333333332,1.0,0.41947565543071164,0.1764705882352941,0.9547508560498932,0.973057010959365,0.27065341153515343,0.4512737565709664
0.0,0.6702175950216485,0.3402395422104352,0.1327032586900812,0.0,0.03755868544600939,0.00510204081632653,0.1,0.0,0.0,0.0,0.0,0.00392156862745098,0.4838531263112891,0.12404450120004445,0.2526963926326615,0.028710068742418115
0.6666666666666667,0.03301672556838042,0.04087069094851703,0.12400018412207749,0.0,0.03129890453834116,0.0,0.5,0.0,0.13866666666666666,0.0,0.0,0.00392156862745098,0.5440780723971794,0.5970613536246031,0.2752618541650482,0.021027092600080875
0.0,0.8879568305969854,0.23685856993761334,0.34225030795523687,0.08823529411764705,0.39593114241001565,0.02551020408163265,0.30000000000000004,0.01098901098901099,0.23199999999999998,0.2972972972972973,0.6367041198501873,0.011764705882352941,0.8440569628715964,0.9436568095464053,0.29878236795645474,0.25636878285483217
1.0,0.5595173231014678,0.838226073925135,0.641525423012638,0.0,0.004694835680751174,0.0,0.0,0.0,0.0,0.0,0.0,0.0,0.20944847436098402,0.26651592131466767,0.5708807594453307,0.003234937323089365
1.0,0.5721474680434446,0.8254404609960844,0.264670356923154,0.1764705882352941,0.06338028169014084,0.0,0.0,0.0,0.0,0.0,0.0,0.0196078431372549,0.4865658795336085,0.6438863474869952,0.24114275456584136,0.03275374039627982
0.3333333333333333,0.7358646162529867,0.43196772906820424,0.09654746376519827,0.29411764705882354,0.49608763693270735,0.030612244897959183,0.0,0.6043956043956045,0.008,0.0,0.0,0.12549019607843137,0.8990442505148379,0.8572099538970406,0.268914496341505,0.46744844318641326
0.6666666666666667,0.20042292377848892,0.03974757247016658,0.14034995147487972,0.1764705882352941,0.05868544600938967,0.0,0.0,0.0,0.016,0.0,0.02247191011235955,0.054901960784313725,0.7237979380600528,0.76730885865476,0.2691936786771305,0.10270926000808735
1.0,0.5595173231014678,0.838226073925135,0.641525423012638,0.0,0.002347417840375587,0.0,0.0,0.0,0.0,0.0,0.003745318352059925,0.0,0.07266098602409676,0.4792011517070026,0.20162682743934188,0.0008087343307723413
1.0,0.5595173231014678,0.838226073925135,0.641525423012638,0.0,0.05712050078247261,0.0,0.0,0.0,0.0,0.0,0.0,0.0392156862745098,0.4073335412025354,0.6438863474869952,0.24114275456584136,0.029518803073190457
1.0,0.5150409563792038,0.8731608035572247,0.641525423012638,0.0,0.006259780907668232,0.0,0.0,0.0,0.0,0.0,0.0,0.0,0.36446980697266484,0.4266209877285416,0.27512081574609715,0.003234937323089365
0.3333333333333333,0.5860126848846146,0.19209176230013547,0.06314638201398637,0.058823529411764705,0.028169014084507043,0.09693877551020408,0.0,0.0,0.016,0.0,0.10112359550561797,0.027450980392156862,0.8122264633150047,0.8284194210783237,0.27755489267355193,0.14799838253133846
0.0,0.8679115192441089,0.26639417816990285,0.06314638201398637,0.029411764705882353,0.000782472613458529,0.00510204081632653,0.0,0.0,0.0,0.0,0.0,0.0,0.21320277916573394,0.12404450120004445,0.2526963926326615,0.0008087343307723413
0.3333333333333333,0.48662598512564736,0.14070695822987567,0.041335399406376296,0.38235294117647056,0.39280125195618154,0.04591836734693877,0.0,0.17582417582417584,0.021333333333333333,0.013513513513513514,0.1760299625468165,0.3254901960784314,0.8898620727817181,0.8667449156095601,0.35778059905680815,0.2782046097856854
0.0,0.7872223460367271,0.23129908537505006,0.013832340242031753,0.0,0.33724569640062596,0.520408163265306,0.1,0.05494505494505495,0.20533333333333334,0.1891891891891892,0.3857677902621723,0.00784313725490196,0.8953890186779008,0.9786707027316488,0.3534105617244543,0.33926405175899715
1.0,0.5595173231014678,0.838226073925135,0.641525423012638,0.0,0.05712050078247261,0.0,0.0,0.0,0.0,0.0,0.0,0.0392156862745098,0.4073335412025354,0.4792011517070026,0.20162682743934188,0.029518803073190457
0.6666666666666667,0.40986809888522613,0.019413267148308044,0.1329235153035067,0.0,0.002347417840375587,0.0,0.0,0.0,0.0,0.0,0.0,0.0,0.15936253553305357,0.0,0.3934925705248272,0.001213101496158512
1.0,0.34145796192325184,1.0,0.9198249585126654,0.0,0.0297339593114241,0.0,0.0,0.0,0.0,0.0,0.0,0.0,0.40870942533235866,0.5669876468290704,0.3624221173909338,0.016579053780832995
0.3333333333333333,0.5252342936745391,0.34926774006368255,0.8994148561309867,0.0,0.01486697965571205,0.0,0.0,0.0,0.0,0.0,0.0,0.0,0.4793327246237471,0.5210386728626022,0.3112597334468058,0.008491710473109582
0.6666666666666667,0.3472161267773606,0.014294369077409996,0.12657914761727626,0.029411764705882353,0.14006259780907668,0.0,0.0,0.0,0.0,0.0,0.026217228464419477,0.10196078431372549,0.7031349630512034,0.6998426986596745,0.35840292214253267,0.07763849575414476
1.0,0.5595173231014678,0.838226073925135,0.641525423012638,0.0,0.011737089201877934,0.02551020408163265,0.0,0.0,0.0,0.0,0.0,0.00392156862745098,0.24120713913813907,0.23291001185834326,0.2683300917758741,0.008087343307723411
0.0,0.7872223460367271,0.23129908537505006,0.013832340242031753,0.029411764705882353,0.2535211267605634,0.1020408163265306,0.2,1.0,0.042666666666666665,0.24324324324324326,0.15355805243445694,0.08627450980392157,0.8777604670275205,0.8849868743286511,0.391782110170821,0.2984229680549939
0.6666666666666667,0.3795757933818589,0.4301315171463127,1.0000000000000002,0.08823529411764705,0.07120500782472614,0.01020408163265306,0.0,0.0,0.034666666666666665,0.0,0.0149812734082397,0.01568627450980392,0.7001680556643632,0.7646781976665464,0.30677528799649667,0.050950262838657494
1.0,0.560836085443738,0.838878215905555,0.7754961128782373,0.029411764705882353,0.04068857589984351,0.0,0.0,0.01098901098901099,0.0,0.0,0.0,0.0,0.42113346667993135,0.5205057856942372,0.28869814163210306,0.023453295592397897
0.0,0.6702175950216485,0.3402395422104352,0.1327032586900812,0.0,0.03755868544600939,0.00510204081632653,0.1,0.0,0.0,0.0,0.0,0.00392156862745098,0.4838531263112891,0.6737363521341786,0.15796807408846492,0.028710068742418115
0.6666666666666667,0.35169784095659073,0.029608520891781787,0.1329235153035067,0.47058823529411764,0.12284820031298904,0.01020408163265306,0.0,0.09890109890109891,0.0,0.0,0.12734082397003746,0.043137254901960784,0.7326452251698052,0.6875755018394591,0.3328198217111993,0.10392236150424586
0.6666666666666667,0.4285415570665858,0.02111640524822178,0.15463143285822029,1.0,0.2621283255086072,0.02551020408163265,0.0,0.06593406593406594,0.0026666666666666666,0.0,0.45692883895131087,0.5607843137254902,0.8951341706790288,0.8412121970552994,0.26703586950485203,0.7670845127375656
0.0,0.9710429750488556,0.3000140525292636,0.17301933693543456,0.0,0.017996870109546165,0.00510204081632653,0.0,0.0,0.018666666666666665,0.013513513513513514,0.018726591760299626,0.0,0.4839071800419388,0.4531001380356453,0.24930814524913683,0.014961585119288313
0.3333333333333333,0.0,0.5440619227752022,0.0,0.0,0.01564945226917058,0.0,0.0,0.0,0.0,0.0,0.00749063670411985,0.00392156862745098,0.5382721537358188,0.5432711883846075,0.15123670202647205,0.01779215527699151
0.6666666666666667,0.4285415570665858,0.02111640524822178,0.15463143285822029,0.5294117647058824,0.025039123630672927,0.015306122448979591,0.0,0.02197802197802198,0.0,0.0,0.026217228464419477,0.23529411764705882,0.681040632359436,0.7279250056021926,0.3088152408634588,0.14961585119288312
0.3333333333333333,0.4650739276417566,0.6059259060578519,0.34225030795523687,0.08823529411764705,0.38967136150234744,0.03571428571428571,0.1,0.0,0.27466666666666667,0.12162162162162163,0.12734082397003746,0.08235294117647059,0.8992557769308596,0.8523425782561502,0.3089032729087583,0.3408815204205418
0.6666666666666667,0.47276059061510667,0.012014722357924335,0.14398988020642978,0.14705882352941177,0.7355242566510173,0.02040816326530612,0.0,0.2417582417582418,0.008,0.0,0.37453183520599254,0.20392156862745098,0.9037784154778086,0.8713873122672935,0.29210674942322745,0.5830974524868581
0.6666666666666667,0.3795757933818589,0.4301315171463127,1.0000000000000002,0.029411764705882353,0.2730829420970266,0.061224489795918366,0.0,0.0,0.058666666666666666,0.013513513513513514,0.3146067415730337,0.5568627450980392,0.9225737213998102,0.8820585780830636,0.3193349911595299,0.29559239789729075
0.3333333333333333,0.5252342936745391,0.34926774006368255,0.1327032586900812,0.4117647058823529,0.45539906103286387,0.04591836734693877,0.0,0.16483516483516486,0.03733333333333333,0.0,0.0449438202247191,0.3176470588235294,0.9095550499508422,0.9404060593936736,0.18587322380027396,0.5855236554791751
0.0,0.8679115192441089,0.26639417816990285,0.06314638201398637,0.0,0.03834115805946792,0.0,0.0,0.01098901098901099,0.25066666666666665,0.0,0.00749063670411985,0.00392156862745098,0.6158867915498818,0.6758711160308873,0.27070885662931565,0.04003234937323089
1.0,0.5721474680434446,0.8254404609960844,0.264670356923154,0.0,0.010172143974960877,0.00510204081632653,0.0,0.0,0.0,0.0,0.0,0.0,0.2712683823726274,0.4792011517070026,0.20162682743934188,0.006065507480792559
0.6666666666666667,0.35169784095659073,0.029608520891781787,0.1329235153035067,0.0,0.025039123630672927,0.0,0.0,0.0,0.0026666666666666666,0.0,0.0,0.0,0.48234336534372746,0.5970613536246031,0.2771514087772535,0.016174686615446826
1.0,0.5721474680434446,0.8254404609960844,0.264670356923154,0.08823529411764705,0.14945226917057902,0.12244897959183673,0.0,0.08791208791208792,0.021333333333333333,0.0,0.003745318352059925,0.01568627450980392,0.626106851873764,0.7838524518226184,0.35556843956521833,0.09826122118883947
0.6666666666666667,0.7553230742000423,0.0199811553445004,0.12657914761727626,0.1764705882352941,0.10328638497652583,0.01020408163265306,0.0,0.0,0.013333333333333332,0.0,0.0299625468164794,0.03137254901960784,0.6821155029285777,0.7373452806017047,0.3110753064324545,0.07885159725030327
0.6666666666666667,0.47276059061510667,0.012014722357924335,0.14398988020642978,0.5882352941176471,0.14632237871674492,0.08163265306122448,0.1,0.34065934065934067,0.0,0.0,0.033707865168539325,0.058823529411764705,0.773597845912313,0.7236311183804727,0.29868782804720206,0.20380105135463
0.0,0.771342056177104,0.22165658095098095,0.11185098618292234,0.029411764705882353,0.07042253521126761,0.01020408163265306,0.0,0.01098901098901099,0.0,0.0,0.00749063670411985,0.01568627450980392,0.5355948169433125,0.688051671150759,0.2192967110581838,0.04043671653861706
0.6666666666666667,0.3472161267773606,0.014294369077409996,0.12657914761727626,0.1764705882352941,0.1596244131455399,0.0,0.1,0.03296703296703297,0.0026666666666666666,0.0,0.026217228464419477,0.09803921568627451,0.7368845978443417,0.7495787162949097,0.30578919729068343,0.10028305701577032
1.0,0.29598599319098984,0.8661264713354688,0.5036723087362601,0.08823529411764705,0.3317683881064163,0.13265306122448978,0.1,0.09890109890109891,0.312,0.04054054054054054,0.0599250936329588,0.011764705882352941,0.7836886849442972,0.9408069763117561,0.39334418005739114,0.21835826930853214
1.0,0.3204493907854342,0.9128133915193448,0.543183078600783,0.0,0.02269170579029734,0.00510204081632653,0.0,0.0,0.0026666666666666666,0.0,0.0,0.0,0.4165490219997605,0.6438863474869952,0.24114275456584136,0.012535382126971289
1.0,0.5595173231014678,0.838226073925135,0.641525423012638,0.029411764705882353,0.04929577464788733,0.00510204081632653,0.1,0.0,0.008,0.0,0.003745318352059925,0.0,0.5004463090599722,0.7773455693478691,0.38218815945132967,0.03315810756166599
0.0,0.6702175950216485,0.3402395422104352,0.1327032586900812,0.0,0.03755868544600939,0.00510204081632653,0.1,0.0,0.0,0.0,0.0,0.00392156862745098,0.4838531263112891,0.48395437179711787,0.10104732590434723,0.028710068742418115
0.3333333333333333,0.5252342936745391,0.34926774006368255,0.8628128598899333,0.20588235294117646,0.5743348982785602,0.1173469387755102,0.2,0.0,0.12266666666666666,0.04054054054054054,0.2247191011235955,0.4156862745098039,0.9334556236820042,0.9541484650652132,0.35545398585085375,0.429033562474727
0.6666666666666667,0.21845978568643076,0.37925738352506233,0.5571013194463246,0.0,0.010954616588419406,0.0,0.0,0.0,0.0,0.0,0.0,0.0,0.3676082510282397,0.5055905931735337,0.30578919729068343,0.00646987464617873
0.6666666666666667,0.5047139432645285,0.361369781246756,0.9175463384094971,0.8823529411764706,0.12519561815336464,0.00510204081632653,0.0,0.04395604395604396,0.0026666666666666666,0.0,0.11235955056179775,0.1843137254901961,0.7543307728195583,0.6876329241961715,0.345065850579386,0.12050141528507885
0.0,0.506454651082278,0.7185472182737556,0.8628128598899333,0.0,0.000782472613458529,0.0,0.0,0.0,0.0,0.0,0.0,0.0,0.010011110326562767,0.12404450120004445,0.2526963926326615,0.0
1.0,0.5595173231014678,0.838226073925135,0.641525423012638,0.0,0.003912363067292645,0.00510204081632653,0.0,0.0,0.0026666666666666666,0.0,0.003745318352059925,0.0,0.21616588426159045,0.26651592131466767,0.5708807594453307,0.003234937323089365
0.6666666666666667,0.03301672556838042,0.04087069094851703,0.12400018412207749,0.0,0.003129890453834116,0.0,0.0,0.01098901098901099,0.0,0.0,0.0,0.0,0.3006439323411054,0.6899693821480072,0.3383394841306544,0.003234937323089365
0.0,0.37578484584451965,0.8462818023796173,0.8994148561309867,0.0,0.24413145539906103,0.015306122448979591,0.1,0.0,0.08533333333333333,0.013513513513513514,0.3970037453183521,0.01568627450980392,0.8726170511049447,0.9402141439948106,0.32184747566046223,0.1678123736352608
0.6666666666666667,0.21845978568643076,0.37925738352506233,0.5571013194463246,0.20588235294117646,0.11502347417840376,0.00510204081632653,0.0,0.02197802197802198,0.008,0.013513513513513514,0.12734082397003746,0.1411764705882353,0.7173200370183304,0.6669925865113383,0.33999684939312114,0.10270926000808735
0.0,0.8679115192441089,0.26639417816990285,0.06314638201398637,0.0,0.006259780907668232,0.0,0.0,0.01098901098901099,0.0,0.0,0.0,0.00392156862745098,0.4534426518268091,0.429808508219208,0.22243323965482673,0.010109179134654265
1.0,0.5595173231014678,0.838226073925135,0.641525423012638,0.11764705882352941,0.19483568075117372,0.2040816326530612,0.0,0.02197802197802198,0.06666666666666667,0.0,0.0299625468164794,0.03137254901960784,0.7570016801440587,0.7227799039962148,0.4123113202887768,0.2325111200970481
0.6666666666666667,0.13014859822812896,0.016002251626325403,0.5573728343825777,0.7352941176470588,0.2895148669796557,0.030612244897959183,0.0,0.14285714285714288,0.005333333333333333,0.0,0.4794007490636704,1.0,0.9262196739571944,0.0,0.3934925705248272,1.0
0.3333333333333333,0.6865935938489383,0.14813612323997383,0.06952629121952253,0.08823529411764705,0.25821596244131456,0.4897959183673469,0.1,0.18681318681318682,0.024,0.0,0.033707865168539325,0.043137254901960784,0.8871789313166096,0.9084500834591405,0.2863450150448763,0.2988273352203801
0.3333333333333333,0.18776153966326437,0.1544801817195971,0.07730010837989094,0.3529411764705882,0.25508607198748046,0.09183673469387754,0.0,0.6043956043956045,0.010666666666666666,0.02702702702702703,0.00749063670411985,0.18823529411764706,0.9069528792136574,0.8603318887208065,0.3338817080984142,0.32996360695511523
0.3333333333333333,0.5252342936745391,0.34926774006368255,0.8628128598899333,0.2647058823529412,0.47104851330203446,0.02551020408163265,0.0,0.01098901098901099,0.03733333333333333,0.05405405405405406,0.10112359550561797,0.30196078431372547,0.8955603992963033,0.8870270326133494,0.3310238884022453,0.3125758188435099
0.0,0.37578484584451965,0.8462818023796173,0.8994148561309867,0.0,0.008607198748043818,0.0,0.0,0.0,0.0026666666666666666,0.0,0.003745318352059925,0.0,0.41374480656305446,0.4762861042710457,0.23278553377904057,0.004448038819247877
1.0,0.5150409563792038,0.8731608035572247,0.641525423012638,0.029411764705882353,0.2621283255086072,0.3061224489795918,0.1,0.0,0.488,0.0,0.0599250936329588,0.00784313725490196,0.8882254543756072,0.9929322846709461,0.40891549391115023,0.20824909017387788
1.0,0.5721474680434446,0.8254404609960844,0.264670356923154,0.0,0.02269170579029734,0.00510204081632653,0.0,0.0,0.0026666666666666666,0.0,0.0,0.0,0.357738796377677,0.5669876468290704,0.3624221173909338,0.012535382126971289
1.0,0.5721474680434446,0.8254404609960844,0.264670356923154,0.0,0.06103286384976526,0.00510204081632653,0.0,0.06593406593406594,0.0026666666666666666,0.0,0.003745318352059925,0.0,0.5117184860685342,0.7306444002171502,0.2890214950931709,0.04084108370400323
0.0,0.506454651082278,0.7185472182737556,0.8628128598899333,0.058823529411764705,0.4029733959311424,0.12755102040816327,0.30000000000000004,0.03296703296703297,0.4106666666666667,0.013513513513513514,0.704119850187266,0.00784313725490196,0.8766137729398091,0.9626261881511202,0.3667820394128809,0.3004448038819248
1.0,0.5595173231014678,0.838226073925135,0.641525423012638,0.029411764705882353,0.13067292644757433,0.07653061224489795,0.1,0.0,0.16799999999999998,0.0,0.10112359550561797,0.011764705882352941,0.6433999274146021,0.7863535953691704,0.36000830827505115,0.09583501819652245
0.0,0.8344571101257356,0.22165658095098095,0.041335399406376296,0.058823529411764705,0.525039123630673,0.18367346938775508,0.2,0.02197802197802198,0.208,0.24324324324324326,0.4606741573033708,0.047058823529411764,0.8713087687869263,0.978861230290804,0.354052297304288,0.3218762636473918
1.0,0.9145875970408937,0.7572800314672792,0.6435103220546038,0.0,0.17605633802816903,0.06632653061224489,0.0,0.01098901098901099,0.064,0.04054054054054054,0.04119850187265918,0.07450980392156863,0.6623350124579488,0.7737716876202917,0.3668405641172746,0.09866558835422563
0.0,0.8459773637810128,0.26142005679379565,0.09654746376519827,0.0,0.024256651017214397,0.0,0.0,0.01098901098901099,0.0,0.0,0.0,0.00392156862745098,0.5372728529657183,0.429808508219208,0.22243323965482673,0.03396684189243833
0.6666666666666667,0.3795757933818589,0.4301315171463127,1.0000000000000002,0.0,0.000782472613458529,0.0,0.0,0.0,0.0,0.0,0.0,0.0,0.02339081422338607,0.0,0.3934925705248272,0.0
0.6666666666666667,0.13014859822812896,0.016002251626325403,0.5573728343825777,0.7352941176470588,0.2895148669796557,0.030612244897959183,0.0,0.14285714285714288,0.005333333333333333,0.0,0.4794007490636704,1.0,0.9262196739571944,0.8497259197291902,0.23270577556545538,1.0
0.0,0.7800852142376362,0.199645583689688,0.06952629121952253,0.058823529411764705,0.05712050078247261,0.01020408163265306,0.0,0.0,0.0026666666666666666,0.0,0.0,0.0,0.5893001781057599,0.6846917332010638,0.26679928333592673,0.036797412050141524
1.0,0.5595173231014678,0.838226073925135,0.641525423012638,0.029411764705882353,0.4843505477308294,0.8775510204081632,0.5,0.0,1.0,0.05405405405405406,0.12734082397003746,0.00392156862745098,0.7919206911224121,0.9922236914397733,0.4105160629739487,0.37201779215527697
0.0,1.0,0.2307928432935773,0.0,0.058823529411764705,0.2636932707355243,0.07142857142857142,0.6000000000000001,0.46153846153846156,0.048,0.1891891891891892,0.15730337078651685,0.0392156862745098,0.8701292430284768,0.8992987585739289,0.3871929707041789,0.28103517994338856
0.3333333333333333,0.18776153966326437,0.1544801817195971,0.07730010837989094,0.058823529411764705,0.24256651017214398,0.03571428571428571,0.2,0.08791208791208792,0.0,0.0,0.033707865168539325,0.054901960784313725,0.8582226500728127,0.8284194210783237,0.27755489267355193,0.22806308127780023
0.0,0.37578484584451965,0.8462818023796173,0.8994148561309867,0.0,0.018779342723004695,0.00510204081632653,0.0,0.0,0.0,0.0,0.003745318352059925,0.0,0.5147789844280617,0.6758711160308873,0.27070885662931565,0.010513546300040436
0.3333333333333333,0.18776153966326437,0.1544801817195971,0.07730010837989094,0.029411764705882353,0.06103286384976526,0.0,0.0,0.0,0.0,0.0,0.0,0.023529411764705882,0.6554270465323753,0.5432711883846075,0.15123670202647205,0.04771532551556813
1.0,0.5595173231014678,0.838226073925135,0.641525423012638,0.058823529411764705,0.2214397496087637,0.1173469387755102,0.2,0.0,0.04533333333333333,0.0,0.04868913857677903,0.08627450980392157,0.7589207535377722,0.7293131963222974,0.397976823934746,0.2272543469470279
0.6666666666666667,0.40986809888522613,0.019413267148308044,0.1329235153035067,0.14705882352941177,0.13693270735524257,0.00510204081632653,0.0,0.02197802197802198,0.0,0.0,0.09737827715355805,0.27450980392156865,0.7289656587493003,0.6855190326957409,0.3382899951391666,0.1087747674888799
1.0,0.5595173231014678,0.838226073925135,0.641525423012638,0.0,0.02190923317683881,0.0,0.0,0.0,0.0,0.0,0.0,0.00392156862745098,0.3284659428824248,0.572611991651679,0.33481345398582163,0.01779215527699151
1.0,0.34145796192325184,1.0,0.9198249585126654,0.0,0.1322378716744914,0.20918367346938774,0.1,0.03296703296703297,0.06133333333333333,0.02702702702702703,0.011235955056179775,0.00392156862745098,0.6469139900859733,0.8063251241695591,0.32256865418961633,0.10109179134654266
1.0,0.29598599319098984,0.8661264713354688,0.5036723087362601,0.0,0.010172143974960877,0.0,0.0,0.0,0.0,0.0,0.0,0.00784313725490196,0.3002556449225422,0.5669876468290704,0.3624221173909338,0.005256773150020218
0.3333333333333333,0.5445790945149738,0.2830344253846402,0.11185098618292234,0.29411764705882354,0.17449139280125195,0.07653061224489795,0.0,0.06593406593406594,0.0026666666666666666,0.0,0.018726591760299626,0.20784313725490194,0.8633051221161401,0.8289614988498131,0.31543884677870426,0.3865750101091791
0.3333333333333333,0.7358646162529867,0.43196772906820424,0.09654746376519827,0.029411764705882353,0.027386541471048513,0.0,0.0,0.03296703296703297,0.0,0.0,0.0,0.0,0.4969243078376666,0.5824854493261021,0.16993669298213723,0.01819652244237768
0.3333333333333333,0.5252342936745391,0.34926774006368255,0.8994148561309867,0.08823529411764705,0.3403755868544601,0.01020408163265306,0.0,0.01098901098901099,0.09066666666666666,0.44594594594594594,0.31086142322097376,0.043137254901960784,0.941889809419816,0.9878121949233591,0.31160553548991254,0.2959967650626769
0.6666666666666667,0.4285415570665858,0.02111640524822178,0.15463143285822029,0.0,0.001564945226917058,0.0,0.0,0.0,0.0,0.0,0.0,0.00784313725490196,0.254600949832517,0.0,0.3934925705248272,0.005256773150020218
0.6666666666666667,0.21845978568643076,0.37925738352506233,0.5571013194463246,0.08823529411764705,0.6322378716744914,0.13265306122448978,0.0,0.0,0.18133333333333332,0.0,0.9288389513108615,0.9098039215686274,0.925435804983112,0.8951799468664912,0.30093958712338786,0.5281035179943389
0.3333333333333333,0.5252342936745391,0.34926774006368255,0.1327032586900812,0.4117647058823529,0.45539906103286387,0.04591836734693877,0.0,0.16483516483516486,0.03733333333333333,0.0,0.0449438202247191,0.3176470588235294,0.9095550499508422,0.8120496891413479,0.1564306763695134,0.5855236554791751
1.0,0.5721474680434446,0.8254404609960844,0.264670356923154,0.0,0.010172143974960877,0.00510204081632653,0.0,0.0,0.0,0.0,0.0,0.0,0.28399400559774923,0.26651592131466767,0.5708807594453307,0.006065507480792559
0.3333333333333333,0.6865935938489383,0.14813612323997383,0.06952629121952253,0.4117647058823529,0.5446009389671361,0.15816326530612243,0.0,0.09890109890109891,0.08533333333333333,0.013513513513513514,0.0149812734082397,0.03529411764705882,0.9268955920973438,0.8776512363975373,0.2872704547706598,0.39142741609381315
0.0,0.771342056177104,0.22165658095098095,0.11185098618292234,0.0,0.00782472613458529,0.0,0.0,0.0,0.0,0.0,0.0,0.0,0.4401640167485561,0.49579323882951276,0.14683929902269396,0.021027092600080875
0.6666666666666667,0.41691673726890865,0.0,0.3948712290566491,0.11764705882352941,0.38184663536776214,0.0510204081632653,0.0,0.0,0.20266666666666666,0.0,0.8089887640449438,0.2549019607843137,0.9294939449347299,0.8920981891050892,0.2976437121037854,0.45814799838253134
0.3333333333333333,0.5252342936745391,0.34926774006368255,0.1327032586900812,0.4117647058823529,0.45539906103286387,0.04591836734693877,0.0,0.16483516483516486,0.03733333333333333,0.0,0.0449438202247191,0.3176470588235294,0.9095550499508422,0.8480161249278106,0.26477221960500075,0.5855236554791751
0.6666666666666667,0.3795757933818589,0.4301315171463127,1.0000000000000002,0.0,0.008607198748043818,0.0,0.0,0.0,0.0,0.0,0.0,0.0,0.37048718886466636,0.5970613536246031,0.2752618541650482,0.004043671653861706
0.0,0.8344571101257356,0.22165658095098095,0.041335399406376296,0.029411764705882353,0.4702660406885759,0.04591836734693877,0.30000000000000004,0.01098901098901099,0.096,0.0,0.5468164794007491,0.03529411764705882,0.8491755673226098,0.9403591983792197,0.300753298817786,0.27173473513950663
0.6666666666666667,0.40986809888522613,0.019413267148308044,0.1329235153035067,0.4411764705882353,0.7151799687010955,0.05612244897959183,0.5,0.06593406593406594,0.16,0.0,0.7265917602996255,0.7058823529411764,0.9300390071288589,0.8949188111135515,0.32256865418961633,0.528507885159725
0.0,0.7872223460367271,0.23129908537505006,0.013832340242031753,0.0,0.023474178403755867,0.0,0.0,0.0,0.016,0.0,0.011235955056179775,0.0,0.517680988882836,0.4650067912164788,0.2483676196319302,0.01819652244237768
1.0,0.9145875970408937,0.7572800314672792,0.6435103220546038,0.0,0.3685446009389671,0.22448979591836732,0.0,0.02197802197802198,0.21066666666666667,0.06756756756756757,0.06741573033707865,0.14509803921568626,0.774750005851637,0.9264826218273661,0.37629052744400004,0.23048928427011725
1.0,0.5595173231014678,0.838226073925135,0.641525423012638,0.058823529411764705,0.5305164319248826,0.6428571428571428,0.0,0.09890109890109891,0.016,0.0,0.003745318352059925,0.14509803921568626,0.7375141218681103,0.9172983459954969,0.30149698967924754,0.3894055802668823
1.0,0.5595173231014678,0.838226073925135,0.641525423012638,0.0,0.17370892018779344,0.19387755102040816,0.2,0.02197802197802198,0.208,0.0,0.04868913857677903,0.0,0.6463765776326944,0.78486077149867,0.3871929707041789,0.12494945410432673
0.0,0.9710429750488556,0.3000140525292636,0.17301933693543456,0.20588235294117646,0.42644757433489827,0.02040816326530612,0.2,0.01098901098901099,0.288,0.13513513513513514,0.6891385767790262,0.0,0.8537284587618774,0.9452261094731385,0.2772936617110814,0.27335220380105135
0.6666666666666667,0.5047139432645285,0.361369781246756,0.9175463384094971,0.029411764705882353,0.10876369327073553,0.015306122448979591,0.0,0.01098901098901099,0.005333333333333333,0.0,0.04868913857677903,0.043137254901960784,0.6841047696235476,0.7342178310956317,0.27649116066629786,0.07642539425798625
1.0,0.29598599319098984,0.8661264713354688,0.5036723087362601,0.0,0.028951486697965573,0.0,0.0,0.0,0.0,0.0,0.0,0.043137254901960784,0.4433794376521678,0.6438863474869952,0.1496648375113991,0.01779215527699151
0.0,1.0,0.2307928432935773,0.0,0.0,0.025039123630672927,0.00510204081632653,0.0,0.01098901098901099,0.005333333333333333,0.0,0.011235955056179775,0.0,0.5122845259373809,0.5216823136193627,0.1693329268152637,0.017387788111605337
1.0,0.3204493907854342,0.9128133915193448,0.543183078600783,0.0,0.0594679186228482,0.10714285714285714,0.0,0.01098901098901099,0.034666666666666665,0.013513513513513514,0.00749063670411985,0.0,0.6437484961653055,0.7838524518226184,0.35556843956521833,0.08613020622725434
0.3333333333333333,0.5782867612793523,0.42156717872934646,0.013832340242031753,0.029411764705882353,0.38497652582159625,0.15816326530612243,0.0,0.07692307692307693,0.058666666666666666,0.0,0.3970037453183521,0.09411764705882353,0.939194598660307,0.9653673705323165,0.32088016923598894,0.41043267286696317
1.0,0.3204493907854342,0.9128133915193448,0.543183078600783,0.0,0.008607198748043818,0.0,0.0,0.0,0.0,0.0,0.0,0.00392156862745098,0.31846590732127855,0.26651592131466767,0.5708807594453307,0.00646987464617873
0.0,0.7872223460367271,0.23129908537505006,0.013832340242031753,0.0,0.002347417840375587,0.0,0.0,0.0,0.0,0.0,0.0,0.0,0.2364663076882162,0.12404450120004445,0.2526963926326615,0.0016174686615446827
0.3333333333333333,0.6865935938489383,0.14813612323997383,0.06952629121952253,0.0,0.010172143974960877,0.00510204081632653,0.0,0.03296703296703297,0.0,0.0,0.0,0.0,0.6189676793754746,0.5746879155447596,0.186499943001498,0.0372017792155277
1.0,0.5595173231014678,0.838226073925135,0.641525423012638,0.0,0.11815336463223787,0.13265306122448978,0.1,0.01098901098901099,0.17333333333333334,0.0,0.056179775280898875,0.0,0.642103755371958,0.7859795872583024,0.387294328558179,0.09583501819652245
0.3333333333333333,0.48662598512564736,0.14070695822987567,0.041335399406376296,0.14705882352941177,0.3967136150234742,0.12755102040816327,0.0,0.1098901098901099,0.064,0.013513513513513514,0.07116104868913858,0.14901960784313725,0.8972730433394585,0.8846400380452528,0.3398553928109159,0.30084917104731096
0.3333333333333333,0.5860126848846146,0.19209176230013547,0.06314638201398637,0.0,0.002347417840375587,0.0,0.0,0.0,0.0,0.0,0.0,0.0,0.46306751109124966,0.5432711883846075,0.15123670202647205,0.008896077638495753
0.3333333333333333,0.5860126848846146,0.19209176230013547,0.06314638201398637,0.0,0.03129890453834116,0.015306122448979591,0.0,0.0,0.0,0.0,0.018726591760299626,0.12549019607843137,0.8304837400545673,0.9400248362952714,0.3204069258562412,0.15608572583906186
1.0,0.5595173231014678,0.838226073925135,0.641525423012638,0.3235294117647059,0.3286384976525822,0.19897959183673466,0.2,0.0,0.056,0.04054054054054054,0.06741573033707865,0.01568627450980392,0.7505431302578587,0.7285360799883545,0.40891549391115023,0.2806308127780024
0.6666666666666667,0.3472161267773606,0.014294369077409996,0.12657914761727626,0.0,0.023474178403755867,0.0,0.0,0.0,0.0,0.0,0.0,0.0,0.4958916558224664,0.5970613536246031,0.2752618541650482,0.014961585119288313
1.0,0.3204493907854342,0.9128133915193448,0.543183078600783,0.0,0.003912363067292645,0.0,0.0,0.0,0.032,0.0,0.0,0.0,0.2765493479011606,0.4792011517070026,0.20162682743934188,0.004448038819247877
0.3333333333333333,0.4650739276417566,0.6059259060578519,0.34225030795523687,0.0,0.6056338028169014,0.36224489795918363,0.0,0.0,0.2533333333333333,0.20270270270270271,0.45318352059925093,0.050980392156862744,0.9292892690479437,0.9446079054549485,0.3374288094735708,0.46340477153255155
1.0,0.6602446732346863,0.7636901240577938,0.443043498418371,0.029411764705882353,0.06494522691705791,0.00510204081632653,0.0,0.01098901098901099,0.021333333333333333,0.013513513513513514,0.033707865168539325,0.0,0.5457374671400252,0.7156635394748535,0.2903123926426773,0.036797412050141524
1.0,0.560836085443738,0.838878215905555,0.7754961128782373,0.0,0.19170579029733958,0.11224489795918366,0.1,0.08791208791208792,0.013333333333333332,0.0,0.003745318352059925,0.0,0.634370959406201,0.7949955364490915,0.33641744470737944,0.12697128993125759
0.3333333333333333,0.5445790945149738,0.2830344253846402,0.11185098618292234,0.3235294117647059,0.3826291079812207,0.06632653061224489,0.0,0.13186813186813187,0.018666666666666665,0.0,0.02247191011235955,0.1764705882352941,0.86525870025903,0.797573456215975,0.26703586950485203,0.4249898908208653
0.0,0.8679115192441089,0.26639417816990285,0.06314638201398637,0.14705882352941177,0.10172143974960876,0.030612244897959183,0.1,0.06593406593406594,0.08,0.013513513513513514,0.18352059925093633,0.07058823529411765,0.8633789062626513,0.8807743437112823,0.35978867252120106,0.2761827739587545
0.3333333333333333,0.5860126848846146,0.19209176230013547,0.06314638201398637,0.0,0.019561815336463225,0.0,0.0,0.0,0.07733333333333334,0.0,0.0,0.0,0.5023857164021301,0.5963375230202818,0.23291170117608115,0.011726647796198947
0.3333333333333333,0.48662598512564736,0.14070695822987567,0.041335399406376296,0.08823529411764705,0.33411580594679186,0.04591836734693877,0.0,0.15384615384615385,0.11466666666666667,0.0945945945945946,0.15355805243445694,0.16470588235294117,0.8798261790796591,0.8500331900133575,0.31843266604472686,0.26283865750101093
0.3333333333333333,0.7358646162529867,0.43196772906820424,0.09654746376519827,0.20588235294117646,0.6658841940532082,0.9183673469387754,0.0,0.3186813186813187,0.008,0.06756756756756757,0.0299625468164794,0.22745098039215686,0.9528939698992283,0.9632984971407632,0.2765218837482182,0.6429437929640113
0.3333333333333333,0.48662598512564736,0.14070695822987567,0.041335399406376296,0.0,0.011737089201877934,0.0,0.0,0.01098901098901099,0.0,0.0,0.003745318352059925,0.00392156862745098,0.4329397963553008,0.5859290623944352,0.2634449950162562,0.007278608976951071
0.0,0.9710429750488556,0.3000140525292636,0.17301933693543456,0.0,0.010954616588419406,0.0,0.0,0.0,0.0,0.0,0.0149812734082397,0.0,0.39602786234460186,0.429808508219208,0.0,0.007278608976951071
0.6666666666666667,0.20042292377848892,0.03974757247016658,0.14034995147487972,0.058823529411764705,0.028169014084507043,0.015306122448979591,0.0,0.0,0.0026666666666666666,0.0,0.0149812734082397,0.047058823529411764,0.6397667269492158,0.6899693821480072,0.3383394841306544,0.054589567327133035
0.6666666666666667,0.41691673726890865,0.0,0.3948712290566491,0.0,0.0,0.0,0.0,0.02197802197802198,0.0,0.0,0.0,0.0,0.10969172644223246,0.0,0.3934925705248272,0.0004043671653861706
1.0,0.5595173231014678,0.838226073925135,0.641525423012638,0.2647058823529412,0.04538341158059468,0.00510204081632653,0.0,0.0,0.0,0.0,0.00749063670411985,0.0,0.4900019563871565,0.6438863474869952,0.24114275456584136,0.020622725434694702
0.3333333333333333,0.7000681757657072,0.4925272599731274,0.17301933693543456,0.08823529411764705,0.42175273865414714,0.12755102040816327,0.1,0.01098901098901099,0.16533333333333333,0.04054054054054054,0.40074906367041196,0.1843137254901961,0.9086321194479117,0.9288741402694525,0.31818557865684716,0.3275374039627982
0.6666666666666667,0.13014859822812896,0.016002251626325403,0.5573728343825777,0.7352941176470588,0.2895148669796557,0.030612244897959183,0.0,0.14285714285714288,0.005333333333333333,0.0,0.4794007490636704,1.0,0.9262196739571944,0.713249853085483,0.22321286751642486,1.0
0.0,1.0,0.2307928432935773,0.0,0.0,0.010954616588419406,0.0,0.0,0.0,0.0,0.0,0.0,0.0,0.40828553052479477,0.429808508219208,0.22243323965482673,0.007278608976951071
0.0,0.9710429750488556,0.3000140525292636,0.17301933693543456,0.058823529411764705,0.25195618153364635,0.06632653061224489,0.0,0.04395604395604396,0.07733333333333334,0.02702702702702703,0.16479400749063672,0.01568627450980392,0.8608389520084416,0.8895518757241465,0.3869900376195873,0.2834613829357056
0.6666666666666667,0.20042292377848892,0.03974757247016658,0.14034995147487972,0.29411764705882354,0.024256651017214397,0.0,0.0,0.04395604395604396,0.0026666666666666666,0.0,0.003745318352059925,0.0784313725490196,0.7218895245501047,0.6842018786598476,0.32308118863843116,0.09947432268499798
1.0,0.6602446732346863,0.7636901240577938,0.443043498418371,0.08823529411764705,0.21439749608763695,0.14285714285714285,0.0,0.5054945054945056,0.06666666666666667,0.013513513513513514,0.056179775280898875,0.00784313725490196,0.7507638801570609,0.7247172711515738,0.4168672042876709,0.16862110796603316
0.0,1.0,0.2307928432935773,0.0,0.0,0.0,0.0,0.1,0.0,0.0,0.0,0.0,0.0,0.2503738157631429,0.12404450120004445,0.2526963926326615,0.0020218358269308533
0.6666666666666667,0.35169784095659073,0.029608520891781787,0.1329235153035067,0.08823529411764705,0.11502347417840376,0.01020408163265306,0.1,0.06593406593406594,0.018666666666666665,0.0,0.10861423220973783,0.00392156862745098,0.7185536166792452,0.7736886637819466,0.27225740225671125,0.09745248685806712
0.3333333333333333,0.18776153966326437,0.1544801817195971,0.07730010837989094,0.1764705882352941,0.3810641627543036,0.02551020408163265,0.0,0.04395604395604396,0.03733333333333333,0.0,0.011235955056179775,0.22352941176470587,0.9007934477436366,0.8694747619215712,0.31465450114732496,0.3121714516781237
1.0,0.5595173231014678,0.838226073925135,0.641525423012638,0.0,0.05712050078247261,0.0,0.0,0.0,0.0,0.0,0.0,0.0392156862745098,0.4073335412025354,0.7139484252726034,0.2933887113770842,0.029518803073190457
0.3333333333333333,0.7358646162529867,0.43196772906820424,0.09654746376519827,0.1764705882352941,0.4593114241001565,0.061224489795918366,0.30000000000000004,0.7362637362637363,0.005333333333333333,0.0,0.026217228464419477,0.1764705882352941,0.9194666495863237,0.8461353669101914,0.23270577556545538,0.5479175090982612
1.0,0.5595173231014678,0.838226073925135,0.641525423012638,0.0,0.003129890453834116,0.0,0.0,0.0,0.0,0.0,0.0,0.0,0.1876676621155039,0.3502119412273331,0.34472437418547197,0.0028305701577031944
1.0,0.5595173231014678,0.838226073925135,0.641525423012638,0.029411764705882353,0.4131455399061033,0.4540816326530612,0.1,0.01098901098901099,0.6613333333333333,0.0,0.1947565543071161,0.07450980392156863,0.800210573115232,1.0,0.3928091551466656,0.3234937323089365
1.0,0.5595173231014678,0.838226073925135,0.641525423012638,0.058823529411764705,0.056338028169014086,0.02040816326530612,0.1,0.01098901098901099,0.112,0.0,0.04119850187265918,0.0,0.5737135381257263,0.7448060027290548,0.30899125039437325,0.056611403154063884
1.0,0.560836085443738,0.838878215905555,0.7754961128782373,0.0,0.013302034428794993,0.0,0.1,0.0,0.0,0.0,0.0,0.00392156862745098,0.31947298285420644,0.5023789918649038,0.1902032400321136,0.007278608976951071
0.0,0.9710429750488556,0.3000140525292636,0.17301933693543456,0.029411764705882353,0.44209702660406885,0.25510204081632654,0.1,0.0,0.304,0.0,0.48314606741573035,0.011764705882352941,0.8710970904937307,0.9757637286734793,0.3939255528911805,0.3097452486858067
0.3333333333333333,0.6865935938489383,0.14813612323997383,0.06952629121952253,0.29411764705882354,0.15492957746478875,0.1683673469387755,0.0,0.1098901098901099,0.034666666666666665,0.0,0.07116104868913858,0.027450980392156862,0.8658304764817093,0.844728795762437,0.2638081977777178,0.24949454104326727
1.0,0.5595173231014678,0.838226073925135,0.641525423012638,0.029411764705882353,0.08137715179968702,0.0,0.0,0.0,0.0026666666666666666,0.0,0.0,0.0,0.4703444017813463,0.6589655382024857,0.3769459422374247,0.043267286696320253
0.0,0.6909581939635858,0.3458000496585978,0.07730010837989094,0.0,0.34428794992175277,0.24999999999999997,0.0,0.06593406593406594,0.19466666666666665,0.08108108108108109,0.149812734082397,0.00784313725490196,0.8573806113722935,0.9728786572689212,0.3625552115100591,0.3097452486858067
