,A,B,C,D,E,F,G,H,I,J
0,-0.5494604664076868,-0.7591378527245365,-0.3056464052720122,-0.35726534360610024,-0.3845513500344335,0.17961514990120583,0.17289708535418888,0.3534462676193487,0.102173240907716,-0.05459972849778275
1,-0.9598440535091624,0.9459903542183642,0.3302331627125749,0.35106868591319396,0.15691449498894128,0.10139366790647605,0.08283953515866566,0.01986865731743159,-0.06459496470759353,0.033625568771423205
2,-0.24841086274587498,-0.5265217418369802,0.2503965411852852,-0.25524883782652436,0.014074724775401646,-0.516341750070223,0.3595824332723976,-0.11526512103315631,0.19698518762107528,0.11575282113021511
3,2.1040431360919687,-0.5487639053491241,0.5306138765399955,-0.7443484368206771,0.094434239411774,0.1043862976416827,-0.24990912427320444,0.2472190212880968,0.002083073682771231,0.7666882553597122
4,-0.875292208861932,0.5528906567607825,0.30867932859868974,0.08656244311197052,0.08638564109188578,-0.07506441862333363,-0.12220222556735655,0.028921419705849893,-0.08122597021835555,-0.11023461221756362
5,-0.30851027207438,0.5068315569455317,0.11940918741415088,-0.18654985714310562,-0.1277258179238865,-0.13553876811909848,0.6288653458314635,-0.07720265410373688,0.13978316816613848,0.12199701666729144
6,-0.8415029376217662,-0.8788230274621236,-0.09496859226425372,0.2833178465968705,-0.03876165689437046,0.344828653981384,-0.008509875190033286,0.4021200033939791,-0.005324835116947239,0.0985918966299748
7,0.3462815586690654,0.24820175316198448,-0.4893832499432873,0.08496110406583422,-0.4118798148785912,-0.016358920955085923,-0.14706081805972884,-0.04527061898152098,-0.03332757112236267,0.15337961794073385
8,-0.28478127976568673,0.6734000514784388,0.29172570715749563,-0.37198159919216806,-0.2721848534562251,-0.08635912139823929,-0.05755125730459818,-0.009124515712174097,-0.042855426293039754,-0.10706933395795505
9,0.5196269602457849,-0.6206166961964844,-0.2911871044077597,-0.41113142945253217,-0.4333605757831413,0.250357168955836,-0.07230640617262929,0.017364749874621343,-0.13352325642058613,0.11076903137975629
10,-0.6907455207628573,0.5839030161066694,0.20757136945429575,-0.37117401409435746,-0.15983642817515334,-0.04827440672507625,0.02929249092584753,0.17975750963563966,0.10941594548571278,-0.07545983463219995
11,-0.29123751490483435,0.06041205761804255,0.09984541772674996,-0.10208803536267402,0.22221001712214036,-0.2379268680959091,0.22962932717960036,-0.22039203190397755,-0.058868623696398344,0.047564008976396656
12,-0.5986822655887413,-0.560804896514811,-0.37183914115261313,0.23243943590283558,-0.02512717443191976,0.3423663210224691,0.024509240982277743,-0.03732528864765722,0.022724495162520345,0.019158270634974092
13,-0.13080522026005573,-0.5243828530365916,0.23263240870549864,-0.11768832109361124,0.23686229487712268,-0.48452141393429915,0.24371498914815878,-0.24111397643350216,0.2891930506663378,0.13667505050137865
14,-0.4652443716370848,0.48642523130269555,0.06816867324519257,-0.10524031244477157,-0.016943189723696968,-0.13578719450768056,0.5761122560507628,-0.12572693967883214,0.1368650034201442,0.1384094131482095
15,1.653352328315228,0.6036990514201502,-1.088471404392495,0.18378945179544603,1.2557603338983763,-0.12368917607961806,-0.23585790365288656,0.45663973934417523,0.6904336980719095,-0.08483010487986982
16,-0.7785036674577973,-0.8813648623251424,-0.17937898024691937,0.36827822467861165,0.06738470485556297,0.31397245548217756,-0.19267142272923743,0.1998269214793554,-0.060303768599672535,-0.05856668794371817
17,-0.6520462260057046,0.3036764153632871,-0.14616522100659382,0.516718744195971,0.018491740771482416,0.061109604797984544,0.34678013754018294,-0.17263279962777792,0.05091665577086502,0.04990664594812201
18,2.0421124080370276,0.47361146497731954,-0.6599194208899057,0.31730609311649255,0.5232868090664331,0.0960215533730041,-0.7058130848024583,0.21786100477200002,0.17583716949291384,0.7948054742914058
19,-0.9584309294608115,0.31393709661053054,0.46580738874793814,0.23411157882897643,0.25912782087349595,0.02161734449194072,-0.29673856434325074,0.10268365637439632,-0.15787578930814494,-0.09084875344415937
20,-0.964227296370983,0.352859215551605,0.27529622806501963,0.08641812210672321,0.17108201092331807,0.23599780893218383,-0.2998622027139208,0.22276855849095906,0.1361589481259555,-0.008814581889339911
21,-0.4761613522657137,-0.5447272905611925,-0.3785280485690509,-0.059973774597636774,-0.12576289820685616,0.10791986553633197,0.10890966438944957,-0.15582821462693844,-0.05797311663012802,-0.14157114723654282
22,0.7932674214516123,-0.45698863653236754,-0.14919530494186173,-0.15792970746282953,-0.6889597909018217,0.43533458157954763,-0.07864517923168136,0.11343045795420134,0.12391336375711441,-0.032069362932092074
23,-0.5184349845295942,-0.7379773705280677,-0.3121238850244651,-0.35267387581619636,-0.37726837307608,0.15780775823360538,0.1819366047879719,0.32291579759749145,0.1029524057346883,-0.006114921227722346
24,-0.8848835520746602,-0.780973852354876,0.469876466797587,0.5066889981157908,0.21843094748262726,-0.33557041644391955,-0.05483781582512706,0.05984230742881026,0.007619494354031869,0.27601561356937565
25,-0.4986242209256709,0.6624069473625053,0.14151973404517157,-0.3955498217200753,-0.06550905942672315,-0.04481138193779765,0.03825841718142541,-0.11946245326921531,0.07105622331940512,-0.059683872587974515
26,2.537815693162317,-0.35029219180721627,1.769057844679841,0.3786382227628979,-0.1541218672897313,0.5285070613786151,0.33303937116164106,0.0017824473295724725,-0.009672235336262911,-0.20652157933542803
27,-0.9407941805491915,-1.016819283385559,0.5131964308777667,0.22780110624774738,0.30794758893128665,0.029898571615194765,-0.09791603475954153,0.16718579423592422,0.09542796563777853,0.41942296229790293
28,-0.8617818500891109,-0.8264546266169482,-0.05671321602040294,0.30377600919552944,-0.03343993639045695,0.31050867536503374,0.0028556083508314823,0.3978985033716499,-0.07934703888293732,0.057362547317787935
29,1.5659918399350181,0.3067036255628687,0.035853271587193,0.6227096913488976,-0.7262463146504343,0.22175230776551458,-0.359494366763258,-0.007166470229306411,0.526168493241913,-0.09704753897730137
30,2.5636701494488654,-0.3336784304715409,1.7474475082657044,0.28164769574263726,-0.219931329711402,0.5007043796197693,0.3753639177869931,0.03170443611939153,0.013435656571977017,-0.21343212829559732
31,-0.8123040037463014,0.5072016298037315,0.31428995174623664,0.04452444522741345,0.10409684474354254,0.07355581297205839,-0.1388072812297101,0.09875955739171438,0.01523004712837144,-0.025240619346860955
32,0.04071853597456667,0.7926581240010925,0.29816280677095097,-0.42763922809889277,-0.32780139011410114,0.16740832528082172,-0.23297918318001018,0.032458210515405594,-0.11848633148760797,0.3969086560868668
33,1.1949703638530875,-0.4613550978870037,0.2464264777368278,0.030586506591879076,0.6278495687376433,-0.45602695734096704,-0.13313932396165565,0.01948959803148205,-0.14522684999886634,0.12017159814851883
34,0.39701341892107245,-0.6352897061774369,-0.32031901027742793,-0.36664261573358325,-0.20787621185014885,0.3529947931912954,-0.24986356095197013,-0.3713298606050453,-0.09663324065248896,0.07828235248823018
35,0.5599288614289767,0.35069078768787115,-0.5315623620052327,0.3064004591263533,0.2321204136931546,-0.006704938233886088,-0.18302666374384785,-0.01784799259692101,-0.009664905432367341,-0.09357187743183883
36,-0.9597096946315659,0.4720386657662402,0.34723546369297736,0.17669056515626694,0.17139650649822255,0.10125428853083791,-0.1723519190221355,0.12523482916569548,0.0009800019200991007,-0.014501383668795498
37,0.9003223146055896,0.2680083945534231,-0.4161751356876079,0.11782021672596894,-0.3544082043914773,-0.3533992049013856,-0.07226959012450465,0.47652590276566026,-0.09221842733657484,-0.11004076143800183
38,-0.6846833841023459,0.5854451606409002,0.19440054731181047,-0.32374331669532586,-0.09282447984042161,-0.03984625843962164,-0.015483781758492632,0.08087735069190649,0.08784534795132394,-0.10470233356898431
39,-0.6590681383037805,-0.6546598726220946,-0.20005544607429637,0.39555765325332826,0.0645598899692894,0.2561681634960238,-0.009528054887223341,-0.01684486728458872,-0.13036764870792286,-0.006127636423935848
40,-0.8355753440443784,0.3807395195486431,-0.18124885730004914,0.615686966932672,0.10545575448876172,0.49374804329222266,0.4378876896055788,-0.03841674253840294,-0.2250914535047194,0.0060384033249730575
41,-0.8465595167973851,-0.6430410573708036,-0.19846176978629407,0.40242121019109034,-0.08200280034022829,0.4130903781339172,0.08333433757552547,0.38477182600863774,0.05179952122383563,0.17505607950346452
42,0.842614907259322,0.5130466111191762,-0.22864949463687245,-0.07414433301021914,-0.2784692050873713,0.4639466211305423,0.6463814547576487,0.2642962936166522,-0.3503092732970617,0.31741236602076567
43,-0.989520009172812,0.9183622796212936,0.3729501275210651,0.4772849187993538,0.2256570756744728,0.1409646994167625,0.03666530940316658,0.029328937226735723,-0.09475748385118463,0.0815715906580361
44,1.0480754245065025,0.44778903761865657,-0.44527647037478535,0.16791147547411867,-0.31235585421584106,-0.24356227140125009,0.09820914812850932,0.5634235736964066,-0.016188396038562623,-0.061558516572683526
45,1.233681620763888,0.09950195567660629,-0.6615579716707709,0.2781581361172748,0.5974752432467195,-0.42123129915221114,-0.0874843614509955,0.05200139079790862,0.15391846074219317,0.005458473811952595
46,-0.08117607158144935,0.46771101941017124,0.018031703657074506,-0.5685590131236308,0.16261541438986502,0.055598153445486555,-0.4103259521102158,-0.3042247620577422,0.0555537115145841,-0.0686455143487638
47,-0.6197992219722065,-0.7405021740739165,-0.19697212088814522,0.01236064200394182,0.10240936106969283,0.4145981449391572,0.12924865641409503,-0.09081997136632626,0.0039046548402454128,0.05314778110619724
48,1.3642795647770922,0.7204429431291328,-0.7304323567636444,0.17643252155796627,1.2139269574707612,-0.028526356488606092,0.4252738911940816,0.09260989039492107,0.6426805388761448,0.25695009228331595
49,0.5827921567617425,-0.5287690643818921,-0.309997766224201,-0.6076792926063103,-0.16658546723630238,0.48556392660168607,0.2406079338929147,0.06155067167808517,-0.21910682614035715,0.20228260556989183
50,0.3220909061573511,-0.6619885020784139,-0.6535033850128549,-0.2870063262142985,0.394270982261495,0.2773605278139926,-0.12875580763303732,-0.03924933766347849,0.010710339155007178,-0.14007312749428724
51,-0.47000051294537415,-0.56751479583082,0.2726104401106385,-0.16390921940583514,0.01537995763534076,-0.44149700310253176,0.29105941776574656,-0.19079543009905953,0.17012716542719264,0.16196548442904365
52,-0.667776758938124,-0.7820142987546072,-0.16001054614248425,0.296966475399767,0.07464299653187893,0.288958475780474,-0.09019814242874034,0.03541767854727216,-0.13215337585822184,-0.056345552811364774
53,-0.6702770066347272,0.5917099542802875,0.17196947227134482,-0.2891274009608684,-0.02595135094715691,-0.03635435054035555,-0.06083691124314619,-0.03586543433226678,0.06696607327278169,-0.14406333625180437
54,-0.5227490242852266,0.4760546895712148,0.07883100493312348,-0.04425278875122198,-0.0005386954772960451,-0.09897019018251664,0.5153103748833241,-0.22875789930628554,0.0826246999027689,0.12739007949804435
55,-0.23083009245686406,-0.8171158745346808,0.27346600890248757,-0.5766912989050661,-0.13973927629474986,-0.19402614306779173,0.1327026989562314,0.02920842396845447,0.22256977054054175,0.2847317076606938
56,1.1086559400208797,-0.4290606259490318,0.6020981554900642,0.06626741386158783,0.1297930983921324,-0.21741857507012,-0.031308964678577196,-0.2576619302185295,-0.2204529585748597,-0.05171485840362891
57,-0.03496951382078605,0.3594184476948899,0.1213903970272346,-0.6531708775169228,-0.025599554576643854,0.11075402164909384,-0.7391180169496101,-0.421195038687486,-0.1925012637143201,0.04522792397811169
58,0.44810819874415087,-0.3680658217457877,-0.6441253699415393,-0.4098359984575971,0.2417233939324618,0.36285002274012296,0.08969513078389568,-0.09574110932114657,0.0901084683806676,-0.13839753707125216
59,0.3640557730498274,0.5703923899551095,-0.3007337364204041,0.0191361347649561,-0.13595845053237068,-0.12777753313506138,0.6990617417347348,0.02226980629876275,0.26345534094197554,-0.0032159668858220913
60,-0.6068378753049212,-0.9013487583605757,0.2821391836379599,-0.14713263034594048,0.22716244924657278,-0.10405672985431952,-0.06531214185969764,-0.2075226470674359,0.1347955044280241,0.20245754179485362
61,0.3392479396283357,0.5484608506905311,-0.37155746228812664,0.09140028482191667,0.169817546521749,-0.014862167222736923,0.5680375631766051,-0.21033258492272572,0.22988725635737953,-0.058486974164001275
62,-0.6033851839853562,0.018480086761458882,-0.37743275580084074,0.5517398536922412,-0.15545916558137637,-0.1312796752238469,-0.12327136638608088,-0.09598166213166422,-0.07808179290596866,-0.1616393851461795
63,0.6360475586147766,0.0793294332825054,-0.22461385763595237,0.0989517209706075,-0.5596426309007578,-0.531922700566105,0.2055731440162933,-0.08264124942827016,-0.07120064316960577,-0.028942103974604522
64,-0.3009670402270314,0.06657164301094944,0.14374667321049223,-0.2029526254045642,0.01582355784652778,-0.31123263898849995,0.3481852247470235,-0.06508685625945804,0.022476435828922333,0.08458247934968105
65,-0.19293240852887164,1.1590159445859605,0.10492565221060768,-0.28904326805228236,-0.018980811990705313,0.1260810328257394,-0.07902004545551468,-0.488803221236675,-0.1605297077425945,0.12660912276847572
66,-0.07740288697297429,-0.6636462492239852,0.21909126082991767,-0.328686678490124,0.2606279611518214,-0.19370853090959544,-0.007608535956823021,-0.23329844886426468,0.05665484118742554,0.0900592886055354
67,1.8296834348113464,-0.33129029253870673,0.21692816418963903,-0.5668708151033279,0.4831573138093852,-0.5876658563827908,-0.28228336219453315,0.9293130613791695,-0.3889723576782264,-0.41648460305797075
68,-0.3466222855866683,-0.6717775251924174,0.21783829093642418,-0.44024913315465786,-0.04379814508055401,-0.2657838878329417,0.09685892261086536,-0.09134116551731132,0.0693387204370423,0.16113836955297237
69,-0.5029470120515783,-0.7673917198179256,-0.30632500802466944,0.043852103028803074,0.02463616820133604,0.26776672650787064,-0.09437918180337813,-0.13416437967590883,-0.02124865119568594,-0.08929567030800731
70,-0.059009307989027385,0.7049491352278815,0.28776079508039054,-0.45738338534406775,-0.2583255350657294,0.062163095268859075,-0.006576341638751255,-0.04653827623650653,0.04443047728592028,0.026655286326817452
71,0.5624358211565589,-0.49956964757748423,-0.42690659643080986,-0.6073344600607694,0.2868799089241555,0.5889315134671772,0.012033183948502833,-0.36764082649647706,-0.08008307031257691,0.11471562366799377
72,-0.5793614660725951,0.6273533835138178,0.1454452201942594,-0.20048387405526766,0.12473231730761107,-0.009583934237261863,-0.020198177058205976,-0.13189827259207082,0.019934995474528587,-0.04953246193064479
73,-0.5384531033420966,-0.19755262430925027,-0.3534680191001968,0.5585757049875448,-0.15251927440975646,-0.251784938164681,-0.05320198916173699,-0.20636101254601,0.08668256102884092,-0.07153596261523779
74,0.5260131862091507,-0.6550983117032773,-0.5126884022394772,-0.557957207116883,0.20339238823304365,0.32306028858155766,-0.10896492762140644,-0.192257013262071,-0.1767661124105286,-0.08949967933925379
75,-0.5542094960559861,0.22045783226164492,-0.27771054412037377,0.602376664371713,-0.14881664763644667,-0.26350260155035954,-0.019584932963461255,-0.23323358436606223,-0.31995247766666823,-0.29998769883129295
76,0.5064393209471977,-0.5647142760890758,-0.4875703227506801,-0.5327814557904726,0.22524874473817344,0.29013477106365554,-0.07106951552444364,-0.14212642339210174,-0.17692687572179702,-0.19562269092168116
77,-0.6647018884297047,0.2871250106814926,-0.14115238706224467,0.609284528149708,0.10133756977413812,0.0940478348238279,0.30676296292400373,-0.19287073939630534,-0.006831443731167029,0.08254321373965945
78,0.6151594481475018,-0.5914418924993946,-0.5984102988494738,-0.6536819652117002,0.2569808691861147,0.4283048924216895,-0.22471014262843772,-0.16143486301293303,-0.32451818939818516,0.1349371896378963
79,0.3098560850619037,-0.6624033726695854,-0.563105017106193,-0.2632018840835237,0.35179588138441825,0.21686155683603264,-0.19466054811061217,0.013871856284518997,0.05606318712711125,-0.25657725746211524
80,0.3595163267581078,-0.6412732944229161,-0.613107688478688,-0.471461672446513,0.160781752969774,0.2483022528867324,-0.05375574697907738,-0.02795965208695422,0.03003443781172886,-0.17854475094732794
81,0.5151731147443159,0.21195032268805475,-0.5007315722865325,0.3452490469153805,0.17211416492894396,-0.24054654539224316,-0.279753882018403,0.07626619026679228,0.014718452016394379,-0.1891052206740363
82,-0.528516311192127,-0.6345385686086219,0.3034378916760348,-0.30036614877681544,-0.07972444474119021,-0.5663074920406067,0.21052006730343623,-0.18048161478083014,-0.04322836644624189,0.013922015693793609
83,0.4708459383921438,0.4882952025144232,-0.5008552857735746,-0.2526743849176055,0.26482984061122405,0.6079635075827061,0.4417255298131838,-0.3729201289139083,-0.16944794379226877,0.07699922682612938
84,1.4110203742179048,0.21264395421556712,0.18375645368461074,1.0349712475674941,-0.5352150927209763,0.353140796182488,-0.48002930594148757,0.07158635698009745,0.45533920901113445,0.006246519659790882
85,-0.8513829938202525,0.26257784893503205,0.27056376363373513,-0.06322236617052004,0.1016865432178164,0.022387446953061503,-0.2796971035029311,0.11607224773350107,0.04525269219916793,-0.10259219700254774
86,0.029822089643668948,0.1556103916497339,-0.5259844770683936,0.08178676848683454,-0.2262222630595349,-0.26640562298311116,0.015968197992084928,0.02754464881033685,-0.00020956902048697415,-0.21402849552000272
87,0.9240202784747393,0.5308797501012481,-0.4990721716937122,0.033148338683339024,-0.24707512853157648,-0.4512732561914478,0.07987300294598697,0.29141531985376207,-0.5609872010461209,-0.04247219294945815
88,-0.6106858913399724,5.205011933575193e-05,-0.34945845996272434,0.6842301361903064,-0.09347906870510679,-0.10066699278846065,-0.1833380684484948,-0.1199892828639786,-0.07310671741123843,-0.13016723434023475
89,-0.4995010527144928,-0.7658497019358999,0.34810718780522887,-0.2701093373761884,-0.014451187211077847,-0.2862721309185936,0.10740811284170898,-0.10666280296905357,0.07729769449234779,0.11447227761145053
90,1.5006917520933438,-0.40512808341662704,0.16508541596747786,-0.48461673115053105,0.3559535978903086,-0.4448040426558208,0.03465711073903972,0.210177681269628,-0.10400654163456223,0.11771960114295234
91,1.3830269382194484,0.054663542957716256,-0.2686252012113886,0.4178640690702275,0.23286993688083238,-0.2932951200494726,-0.090613069821798,-0.11635237105365923,0.24961137585995757,-0.24414516349408394
92,1.1302291950592758,0.614358846043032,-0.17313352333116822,0.06812495061591388,-0.054967921533498415,-0.059398496262114686,0.6043975699744075,0.3225094134683782,-0.01869894958117361,0.19377996853671367
93,0.990773309859414,0.5048695964444428,-0.32015453045022374,0.252366423972409,-0.4463603128326983,-0.4494352793523808,0.1634572488982944,0.33765202639747577,-0.5520251887781173,-0.0653056654681586
94,1.0960248559005838,0.3324114465283847,-0.20536609435497935,0.17424628470591588,-0.8950280156586906,0.012745251156289534,-0.19796325106502627,0.27221337949986685,-0.23533332022224238,0.4701071876525995
95,0.39634452612247756,0.9015211199935597,0.22375568026090603,-0.48462297598053994,-0.023935738558231362,0.44997077366447524,-0.627279848535158,-0.7301355228324298,-0.10549161557688315,0.5194806868477695
96,0.9970485555448084,0.1203744981594976,-0.13304329728567704,0.33185558564703976,-0.6271365115321743,-0.3856426473285882,-0.09411277722995454,-0.37410845358455397,-0.3816635708683316,0.19049237098524172
97,1.529155352769906,0.4241894895850891,0.2251761859893079,-0.0429628002500133,1.1404081422636452,0.13531809358099603,0.13058726976788365,0.30210012579645923,-0.1967717642474161,0.2148917791091549
98,-0.9666628595017602,-0.13916304861165504,0.4616610857913816,0.5176655704625185,0.25798379822633377,-0.029158249299219355,0.12699889740277967,0.08694146882377347,-0.11687163350494222,0.23601579570306505
99,-1.0042464553201356,0.43329536535606294,0.4098247674744026,0.3326741456844644,0.23207287893580655,0.15383886942308467,-0.20984912532908614,0.17426287449592437,-0.027115223029155446,0.037693362372747306
100,-0.6229314425767773,0.5744283845815786,0.17198914696796877,-0.17322565324955713,0.1175685970526641,-0.0006796769693202514,-0.10647467627391184,-0.01736279110835499,0.05906988401733833,-0.11350033931552078
101,-0.7174163581155424,0.6010927324737745,0.232053798887283,-0.0926514020778648,0.019107739434728325,-0.12333972238081163,-0.08811802409605941,-0.07927306793225272,-0.05462126890320634,-0.1750775359801497
102,0.5680139264230859,-0.4910499299576211,-0.40602499657276897,-0.31842875674142296,0.017514568298203612,0.36246953848654906,-0.02281590633881538,-0.11824033047808032,-0.026910855979424952,-0.14049577944479158
103,-0.9108318789931749,0.485037688184431,0.3216624006503555,0.14223624258091297,0.16767469596951382,0.09281470548014524,-0.17693407019666577,0.06925277272291434,0.0013258032057966035,-0.034828223254340464
104,1.2870818932051844,0.4454079327203197,0.2003195567738272,-0.4758324113386936,0.41749901018038676,0.02689649465683051,0.46264451584994626,0.4073194762112382,-0.22835927487334298,0.2271212848653541
105,-0.6226518221198916,0.24073139028950508,-0.25354542255139656,0.28032793976140796,0.08236407649685247,0.49207266670270267,0.48295590935314314,-0.23571629908784572,-0.1509793088980161,0.027806060329224256
106,-0.5494010629415005,-0.7940873693492717,-0.3181586507941921,0.10729709307219966,0.008852661511188794,0.19973220235362185,-0.12896015361713464,-0.055625958297671585,-0.051780851883216565,-0.17653273756272256
107,1.4613058302140034,0.5740090625859168,-0.7750692821826887,0.2740876807074788,0.9319057615991002,-0.3155073743148193,-0.06571884206583238,0.1320327382539468,-0.09523994953655147,-0.18744396323737147
108,0.6384582396848737,-0.00477463846519522,-0.11256925175684504,0.20140513743088373,-0.6811937608864334,-0.33621910223854007,0.1855853021898376,-0.0029414116080136448,0.08750508240429483,-0.24064529184293024
109,0.14689253830815394,0.3604499326140327,-0.47093859567161994,0.14285451860690696,-0.15696027912031327,-0.38540782899986176,0.12548680630228398,-0.06518920052590589,-0.3423157835425071,-0.26062168195289714
110,-0.9674185630535203,0.19724005691242988,0.37553809901266116,0.21471081875591802,0.22938336218531144,0.11667951087877701,-0.36675690695245033,0.17044953690779477,-0.0058266810895160615,-0.02021738248952094
111,1.9498442782725187,0.16424723854205858,-0.6070079451079651,0.2988336208911639,0.6248771054833241,-0.2076311602811321,-0.540679503159613,-0.03977053368688269,0.39335484892830547,0.49595620156936376
112,1.7208968466979022,0.2055849749481507,-0.41853420582930506,0.49139619937809387,0.32339221617569486,-0.5634484458702111,-0.10249354930702967,-0.013597559210779563,-0.054948920474448985,0.25910973454749675
113,0.6548416221531961,0.2948064893671029,-0.6293725441214585,-0.11416086968301557,-0.15039934105352923,-0.42765158749585186,-0.1092724112471559,0.4570063787993536,0.062454077510243025,-0.2289653259766725
114,1.0274925421055046,0.061540749198922856,-0.3789259178263473,0.2330943664149716,-0.18917760213866497,-0.3183308621318381,-0.09151195076563634,-0.14486204554500487,-0.09549420243214186,0.003723812939905428
115,1.3249705363517712,0.24196591347781923,0.171860206042751,0.02545400245454797,0.805227460895455,-0.17381479538033945,0.08448614388209287,0.1389667003073623,-0.41433848284433006,0.07749395231308481
116,-0.8332523225423054,-0.8922010673803658,-0.1320548333928988,0.2945714938409001,-0.06287885789267283,0.3076516908311264,-0.09814164238514562,0.43503700156415753,-0.015188546041210017,0.010958428727301182
117,-0.5970083619354615,0.6417521490227067,0.17022299573257285,-0.4620025733026268,-0.20695006260968812,-0.08797100265028897,0.1619085816969798,0.1397458345917597,0.1152566927621258,-0.020299726497902012
118,-0.9476536886969248,0.339223349788589,0.42856978242332283,0.11345634110491519,0.19244593682618752,-0.014183143247723693,-0.2456726879337672,0.11064250148029785,-0.12880092358333176,-0.12821075321473885
119,-0.9313850231821102,0.43519557920825397,0.4277729289427822,0.34580440337780677,0.22461664260531766,0.17249562247056335,-0.21706985650034047,0.1876085686671957,-0.028763779266268764,0.05230156298880813
120,-0.7244423077053798,0.4618799820186135,0.13895119649555665,-0.5104858772654671,-0.23531154540384888,0.0528445457403047,-0.05176488863838504,0.39185330564015064,0.25650706430815357,-0.06010344917527142
121,2.6837170408078763,-0.2613733063925244,1.6311696279609278,-0.01965053789681896,-0.3451401026384645,0.40252348426099044,0.4542208606093477,-0.057503427836886216,0.06049365651964611,-0.29901978669799445
122,-0.09924881946455609,-0.61397821126187,0.1487685485792931,-0.22710445298254697,0.21311710818927582,-0.4221000194484902,-0.007047806368195322,-0.22093538338585494,0.10202281510162024,-0.02039272913899043
123,-0.4356246731397049,-0.5196396949191553,-0.4152908628886342,-0.18048337139322032,-0.18872071591512926,0.07055020111272924,0.14978117416688483,-0.15846877354530492,-0.035625865697412086,-0.16173151592975354
124,-0.7686102879965386,0.5360173654986932,0.23769982998122005,-0.028844583593539586,0.1302080358521082,0.038492587506655095,-0.14035828025720204,0.00012752107560597077,0.02044108747015271,-0.06977064177678396
125,-1.0375777454839623,0.31800936699535787,0.33882767258381663,0.23525908136630042,0.24228624523364853,0.28340401259438847,-0.34862313241066756,0.267913813798531,0.10683450350633403,0.04950221812078192
126,-0.18250087510944568,-0.5507229097634933,0.10562905143675876,-0.13781839215813657,0.10986439272240847,-0.5150565230630394,-0.21434906057040592,-0.046788379157446686,0.12359023233223008,-0.21659858653570185
127,-0.2016881648630049,-0.5693622971160345,0.12225959286375543,-0.23109667237884385,-0.04100656127409361,-0.6147008373768676,0.15566694934049724,-0.12058344779493158,0.10024949672747027,0.1412871516759743
128,0.45027161434506835,-0.5185911915805532,-0.45547760247387337,-0.14387490794061045,0.2651066054347607,0.3735592667966585,-0.1187068855711002,-0.18565907126808756,0.018053274213417125,-0.11094693541239939
129,-0.5316440584060727,0.5962098418848556,0.1422402312424682,-0.19067869126164977,0.17673138786320752,0.009598328951696787,-0.12412951362408668,-0.011982552469969161,0.03489793141076306,-0.0897568341870058
130,0.30533280820645087,-0.6466543458594022,-0.5769003961701811,-0.2470427735281471,0.3678974927846167,0.18571877644512064,-0.15097846260270856,-0.03729823839925543,0.012888952280134187,-0.20061181060226088
131,-0.9283626491589236,0.578934683837805,0.3619416328393396,0.3028871918300795,0.24105178009891653,0.14063614996387655,-0.13039652063617124,0.024585634858950187,-0.006183779941760349,0.06060467929197626
132,-0.6662385486600423,-0.8129107431710303,0.3616595207909756,0.0002606161897450523,0.20502380519692506,-0.23919686998110465,-0.023925880901267092,-0.1849700914514714,0.018757098597556497,0.13905884661775522
133,-0.4934629925370005,0.5927621879166636,0.19531976988565242,-0.16707751680496424,0.08408528715933264,0.026556315311852992,-0.17076104917090473,-0.043218553049904816,0.08708945263481202,-0.06470230142536547
134,-0.6605960116596904,-0.7613539138865266,0.31222561462499737,-0.032672717862460864,0.19820807427705533,-0.17275327541185248,-0.041083151874938544,-0.18425236251742746,0.0005116898762818783,0.13566262120698072
135,0.902821529410722,0.453881505533077,-0.38298211166162816,0.26435360936523317,-0.17367269126074378,-0.2800515435908239,0.014567972298578457,-0.007520951071202068,-0.7151867560002301,-0.18505685638328273
136,0.03780022181107107,-0.7205302474349627,0.40233913986986103,-0.20800681273778654,0.11798184693238316,-0.1792292381755552,0.018161535077000735,-0.276734172815324,0.21333620649510804,-0.034393311486558414
137,-0.709314872498,0.3390303282169691,0.1750480853338444,-0.5278115555499803,-0.22351480220133293,-0.10630446729916253,-0.06847074911799304,0.29122739383580426,0.16170922945838417,-0.11392899405093207
138,0.015922739672493177,0.5987622287861888,-0.4339918242933877,-0.06140233834896281,-0.025488144715000598,0.41386544676662473,0.5659065187093253,-0.3202525752523135,-0.21152780678544963,-0.21488196005303367
139,-0.7637791692194309,0.2599629856089431,-0.23227106169624837,0.6651390240890259,-0.025168381553874096,0.06629636433832001,-0.0012087313695463243,-0.07314095602679306,-0.13280229395799556,-0.11658665235908115
140,2.5729898598523104,-0.3321486645450838,1.7244465321353015,0.3806221740864326,-0.0852418069651838,0.519043574269257,0.28591768446880006,-0.1602784629903462,-0.030333174564210853,-0.26760566764803995
141,-0.2457342761896834,1.1209108683512419,0.21651254903190356,-0.26816716757566655,-0.2788860175454536,0.05401346653757493,0.0996831387307524,-0.03863666888249326,-0.09562736170880495,0.22339351565455112
142,-0.5786578098303127,-0.7698433918278401,-0.3229161594162923,-0.29962826226489636,-0.3872469717360025,0.1266106337826588,0.10887197884625487,0.43090849782002816,0.09965345400755302,-0.08669754390506165
143,-0.6108050219716957,-0.5875804300470072,0.27793067212770145,0.15068106786873164,0.13527563097676124,-0.4184387779713094,0.00856891529823052,-0.2792860510428394,-0.06152275118251675,0.04019991254672084
144,0.4956319514915752,-0.6351606254263652,-0.514923606906433,-0.30159889975378007,0.4014797293849727,0.34770252978824145,-0.25895333713648594,-0.10067947846526483,-0.02158504650473318,0.08889891101721428
145,-0.6538620831955442,0.27188081168450584,-0.26213607868953687,-0.1188969499600055,-0.30106997576121614,0.3772693408195462,0.7635774567381707,0.22012169431374268,-0.012051561651104228,0.10470305144219626
146,-0.41730309283936823,-0.8332667202530916,0.2129294719935492,-0.4997474327654636,-0.029927956141460006,-0.20552368756026354,0.09252025974455522,-0.045630776734703234,0.21952891469450309,0.2712680834961257
147,-0.6932373046514778,1.0325943988444604,0.19200505909572776,0.03679925266083632,0.04601607129158078,0.014437659739704149,0.12583388662800363,-0.09912938433027312,-0.021025676131031932,-0.011987023347530951
148,0.08744177369354449,-0.05226028779061072,-0.48852751162032326,0.12534449899907193,-0.21253266086042724,-0.44512975679452477,0.11237686075501897,-0.1402467382627803,0.08278523806071929,-0.10020854322830622
149,1.1291080578378712,0.6322089586046611,-0.4042910390267045,0.17287969530638653,-0.3021912929721873,-0.21116850830596443,0.2140262849663626,0.48443988159044343,-0.3389197587600427,0.12381477922950461
150,-0.38283399319349704,0.6336708003474851,0.20682418318779344,-0.37390338883510493,-0.10740732478435515,0.05467586750097018,-0.1563253974604931,-0.07609849476349194,0.09329935397793787,-0.02201535288617411
151,-0.234203619874168,-0.6555597329791925,0.233719727342422,-0.41388461506032953,-0.00381065057196296,-0.17798258952633897,-0.04255466975787175,-0.28374142798586166,0.037262607713498236,0.19405687136750877
152,-0.6640436086449285,0.142943903478072,-0.37222179312753806,0.5360512521489813,-0.13109457558832813,0.03366029251962052,-0.07939385407864273,-0.04254781800320012,-0.01747942807819108,-0.12940473467674424
153,-0.5247695975070942,-0.14145540484482066,-0.22381975880518704,0.6486805398898324,-0.13791057900199702,-0.4512649397040672,0.06936307597943499,-0.2686692616555514,-0.11861101956343258,-0.12834615255110476
154,-0.8821620204932322,0.3845338407392764,0.22671733934810193,-0.04692082933876607,0.1095078579121292,0.18088763759469476,-0.2622681227877873,0.22073620556685328,0.15130162084657417,-0.04981465837986949
155,-0.578571153864041,-0.6977449726264981,-0.22811750002065984,-0.4170707075642412,-0.27355175730517844,0.3020616065736055,0.3973326578944432,0.3397403832771021,0.09560058999086228,0.12816682470158963
156,1.4054350742383095,-0.3653399683132877,0.7312402075897338,-0.27584343116111687,-0.5355657434609605,-0.20910181091928084,0.1329451263623063,-0.12936761918372824,-0.07271775972858552,-0.0530738845199369
157,1.5688383695054515,-0.3917709805515541,0.4371930508183928,0.09968447853918316,0.7984599105871794,-0.4503285900847357,0.16314923987343344,0.2897656019690286,-0.021828876511474197,-0.06796360873271581
158,-0.23344831829566098,0.5317380577649324,0.16251743618370068,-0.5184978113433153,-0.25874711494428776,0.13676861342971142,-0.22635777123070175,0.20950066351785374,0.13312922670452093,0.039465634109148454
159,-0.8284521650561408,-0.6822293574617695,0.45427737362119575,0.4564048813092041,0.21348152691929703,-0.3135808787310805,-0.02425738032713824,-0.007667862323841337,-0.09150279243530117,0.20413955065680298
160,-0.8330200224806008,-0.7456202232331383,-0.13574753874673823,0.3829232254044893,-0.07093468875206989,0.3146247105848039,0.0587948197273802,0.36414929980964483,-0.027585553163555793,0.11246351331343117
161,-0.19414409277239777,0.29230880977445634,0.2716510689087033,-0.6095083355196154,-0.2976836356176083,0.002690066248983685,-0.4390963556434373,0.14974206027282408,-0.13456873634501437,0.0024516773736365936
162,1.1307370600462014,0.09172124452084261,-0.3853760803789321,0.04572440036028572,-0.47353037208179133,-0.31502188725534547,-0.1411400264780713,0.11511948358546917,0.21113293057299087,0.3350080029897769
163,-0.6747052049070086,0.2924194461675214,-0.2816141322818026,0.5289581327909839,-0.09569556245534233,0.024411468562705922,0.03922842610829063,-0.10506588911165517,-0.11365817097050152,-0.14416998168841605
164,1.669378783013643,0.22196734380429825,-0.14745263742865083,0.5557086888522111,0.03880397750621067,0.11671987219897954,-0.3742095528299269,-0.08886716398118971,0.5596389222076388,-0.08385235418716021
165,-0.6801471617650023,0.11919605198541622,-0.33888553082660405,0.6702089408410742,-0.05041489206608423,0.06659409436900647,-0.11358042940013988,0.006017619560443331,-0.06579038698962848,-0.08698807035593914
166,-0.6585384242995503,-0.6460896312898392,0.20475460598745196,0.13247315897904863,0.10628257230658829,-0.39100752139350375,-0.270986556518412,-0.07815156725223509,0.016570850213977955,-0.1422122656760765
167,0.4885331604770808,0.4604070931538797,-0.639098708775078,-0.07217641051296196,0.761850295324297,0.4712390066386724,0.5499282491706544,-0.10135358202676044,0.0765435337726086,0.07367101898088214
168,-0.995992858271686,0.01662456142784407,0.4459226734659594,0.4509602261825144,0.3120313297255239,0.21356433040487957,0.2390712600501226,0.12614083833491832,0.018237652026739534,0.33895076247472733
169,0.3763667841796115,-0.6933483476984132,-0.41399163106643805,-0.2993053100453278,0.3449607675182726,0.32976573312441587,-0.07244643631046409,-0.18231393582131214,0.023843980029602297,-0.39331546892903846
170,0.6480469633812197,-0.47647500165285056,-0.1808867602049789,-0.11500976773922153,-0.46226391839922665,0.5932855674983404,-0.24514901128423344,-0.423406789298888,0.2911184559054049,-0.13966031716271976
171,-0.4319612891246047,-0.5157016602775281,-0.4130819156785201,-0.24270671630127771,-0.25635201325916845,0.05649893933508174,0.19394983484370729,-0.08024084650969311,-0.012957311322678227,-0.1449555998676336
172,0.45277351952861916,0.12384549995441956,-0.16300178603591808,0.3046896707997704,-0.6624435848153196,0.059667180046032144,-0.14236587057283243,-0.45200204344519374,0.2432436307470802,-0.2532505086801962
173,-0.1577829061892264,0.5210204084925032,0.30488464942595545,-0.5185582915936368,-0.1985827996365365,-0.09697755261442094,-0.17391796823303687,0.1034598992358067,-0.06625580154361572,-0.09909900328630568
174,-0.7569185004593627,0.2876657891328167,-0.09954562411061706,0.6404140795920732,0.09907322425064756,0.11234315367375199,0.3275093895909649,-0.15090354230746203,0.021160600181076277,0.0805432497031736
175,-0.910584246947088,-0.8238497703718005,0.4959650239116663,0.3987185037882421,0.2503484306594129,-0.22333178078971033,-0.11846754270308531,0.11835786587935698,-0.04182252265701037,0.22391515727308453
176,-0.42158727438364335,-0.7360845057106217,0.30687291764201713,-0.3907724462117083,-0.05403133382254962,-0.3335680798931208,0.15586242509253395,-0.09731341055758815,0.10707581774946469,0.07725086900509051
177,0.1678669362208176,0.4821650878540334,-0.399545550291101,0.002252186244202474,0.12866043611772757,-0.06716200427549919,0.5122615836825005,-0.031331833976712214,0.10679549515183445,-0.0071504817681908904
178,0.005392412803982486,0.5927134285726212,-0.5361977538853885,-0.1860920657454373,0.10827834353661112,0.34489108102394284,0.6459632159112929,-0.19947333257276348,-0.20853774418659501,-0.21257706294898748
179,-0.5481583583119427,-0.6904834609295407,-0.26785375235183556,-0.3252482275208486,-0.3728821362029417,0.115644689463535,0.21085312059880798,0.33264115440778086,0.03292120546431846,-0.06493125312137792
180,1.1278081512974554,-0.5577974210656753,0.6900559305542857,-0.03600981376893668,0.32250651667016134,-0.28455133475776806,0.0007936561580429789,-0.225667795838808,-0.2393636814752939,-0.2954206805506168
181,0.27129134377020814,0.09709790608893866,-0.2676616943473735,0.22892806163458493,-0.4974119465574784,-0.11294319948728383,0.0008814659427660442,-0.15239320677447007,0.1889960618000264,-0.16465692142598692
182,0.7492777915973424,0.4338779181812871,-0.4150643403070307,0.4175678527099375,0.19174006982004824,-0.2995225435774914,-0.12485606339606568,-0.03163669242308904,-0.5752280645163426,-0.1417160359290558
183,-0.44885789886329813,0.39020529539241916,0.08355567418880534,-0.5170425079857215,-0.00990161799829131,-0.06783768555214488,-0.24844049232049975,0.014389296246096469,0.0901919776770912,-0.15054262180861802
184,1.267007608763036,0.34569864400747086,-0.7767866864730392,0.24211674731310634,0.858418756580916,-0.3369218047669049,-0.21435994236489045,0.34044451577011003,0.6638337511085173,-0.22919009783724217
185,-0.7039989186585582,-0.676388434432228,-0.13783853285070652,0.35153222530063766,-0.07036284190150592,0.25913062133024717,0.0824968714006769,0.2516730456440709,-0.08902193649440404,0.09001446427684488
186,-0.5657960683705046,-0.6827713000189622,0.31952657897494174,0.013060083031103838,0.2373993666669413,-0.4341357304384623,0.026394007094617082,-0.34304290923740993,-0.2600807171938485,0.06831841213411889
187,0.4359717890677976,-0.5302838584637196,-0.6112812222746632,-0.49057588077386627,0.703348958421839,0.3733498908342855,0.1638438674222859,-0.18156295790883697,0.0835072992668487,-0.0538014835542149
188,-1.015725618457071,0.4397875932989348,0.40256097450695477,0.31667226047393865,0.24156880545369616,0.14519869494631302,-0.2139197656916499,0.1563109886303479,-0.02744510161791347,0.03381559179261753
189,-0.6183966460717107,0.22747054920255524,0.22744539469049774,-0.5825213603598955,-0.24538849017767864,-0.13107431768583733,-0.20360336471975118,0.3157743758441459,0.1153134886081374,-0.18459262017015637
190,0.9629716331773456,0.3114768562762145,-0.3684096905599119,0.4414124464528493,-0.24339986457645718,0.13891048156653416,-0.5137084529140742,-0.00267041474089798,-0.1170857035360288,0.45659262255805055
191,-0.18581299102051574,-0.5136944547900962,0.28664029911891464,-0.06982389822163147,-0.037734568161731014,-0.4588455338265247,0.08585919996467255,-0.3254571273495914,0.00013309731289069788,-0.03611438967176831
192,-0.9992575503717666,0.4649627792788498,0.36764957982728325,0.20005064094371364,0.18069468595760546,0.11157179520370306,-0.17532963444929497,0.16698278859606713,0.001307049653773791,-0.0002457927642095249
193,-0.6826676275154598,0.5903745015192393,0.2051243428699378,-0.4403837537811111,-0.22688172549312072,-0.06512491209449846,0.07306266590257847,0.24829409189859794,0.13202911881480972,-0.06306700564252368
194,-0.9316009569696388,0.5084647096795908,0.35373032245802144,0.19092194497290313,0.170576338013008,0.09253671856157486,-0.08133873035467187,0.062226274795257545,-0.018112549183234992,0.04722597644586186
195,0.0564942798886322,-0.05974700493183304,-0.33560269214922966,0.16168294768444005,-0.42760236223395015,-0.34436326422616526,0.1199137678670924,-0.20935425413230402,0.07987447472359951,-0.21117039231339335
196,-0.8385051559134468,-0.8908375683429786,-0.10344445087428401,0.26764358319100334,-0.042273273027292946,0.364732947662972,-0.039948946288324134,0.42205960839602336,-0.004601020255183738,0.08126419399324551
197,0.7750870917531066,0.03249407204671715,-0.29198869000706923,0.14501400259075958,-0.44190044014210805,-0.4381681977912978,0.14885424970466304,0.08087561110552462,0.011388569828725508,-0.020506236886428594
198,0.5487253427929547,-0.5800752919567069,-0.4515177148593048,-0.3931176146241161,-0.00969861714138215,0.30961649105426653,-0.23030782791306922,-0.2814612142499057,-0.1547033545198462,-0.10867383881011726
199,-0.8447329683697944,0.4864949306932947,0.34060830928125874,0.15381264132782865,0.16299623018586173,0.1072461293206952,-0.17968417774864578,0.0854785996539177,-0.00393987203440864,-0.020683794752458712
200,-0.8806755801739944,-0.7374569832617107,0.3814302174650907,0.4360176341178255,0.1880460075667382,-0.2835548670423975,-0.3109695093449215,0.18810635782543217,-0.011184909850076438,0.023793710195077138
201,-0.836394056409386,0.9885021468048062,0.26381745114097144,0.19050624891240558,0.09792453428343872,0.04887501937919976,0.12082966752674389,-0.03619422170774403,-0.045074845273912985,-0.008595234228754264
202,-0.6976620770803494,0.3089959757416176,-0.1269342075173514,0.5342582926369926,0.02913563993488017,0.07784466842829924,0.37035670040196417,-0.13379916490332638,0.03645735496276819,0.07329381757074968
203,-0.3020458100528924,-0.6342815309935593,0.2172292130965401,-0.2754357309724749,-0.019856859287407727,-0.424254191155404,0.03166577403527502,-0.18641663197240718,0.04267412226417656,0.004150682863264268
204,-1.0289326237920995,0.4258763683614122,0.43043357491508344,0.35713910091210643,0.23365675410721182,0.16867918440822346,-0.216551216659249,0.20645769265725722,-0.028775047085639313,0.061353848885417575
205,0.6885395479221376,-0.571151778229579,-0.39192820974511045,-0.4596368538247639,-0.4034269148140338,0.15566607189448006,-0.24562972501958633,0.2879696642457552,-0.28905970435945055,0.16567467265097086
206,-0.4538193930251498,0.4773051278686609,0.07359696503378474,0.03178575847421152,0.12829535881233933,-0.0771060724824489,0.49081146254863467,-0.2773153730696581,0.1304053616521445,0.11063528811103503
207,-0.7225279539190307,0.6854844650594922,0.23015568232273972,-0.34596330764137484,-0.2289082269520256,-0.04203223299250693,0.17163261378038103,0.2773230184098724,0.1644330567588638,0.030636432979691985
208,-0.57681684074357,-0.6059448920112807,-0.28298787908773576,0.21087853748020002,0.0012452966321295296,0.19402519431408624,0.028411916129829223,-0.10890777139949973,-0.10477967507749703,-0.07637647144713244
209,0.014151843297762166,-0.5631944855283806,0.23523311503052294,-0.2871738167708158,-0.1535869918085356,-0.6057090381013993,0.19633410665398368,-0.03841156332971798,0.20188309378091784,0.08451265436597362
210,1.9816292356247496,-0.6803165680849743,1.2477432969883302,0.23985247942407037,0.22085931396381553,0.32230196177607123,-0.06114828708825188,0.009869638591110914,0.20093765649944717,-0.26723176060155557
211,-0.5509867422236437,-0.5108014666095403,-0.4051201761482451,-0.21705466414156668,-0.4110147285023832,0.2267119029224234,0.2900506390755958,0.33932341479941935,0.16138799937970522,0.058370626499200454
212,-0.6339620010448985,0.1891353532044161,-0.23198158391790744,0.7507873651942056,-0.10207645938375673,-0.22852853910849402,-0.057944934238898765,-0.1834194021432308,-0.37053445925483114,-0.25010811871575306
213,0.04572537839748711,-0.7088689453868746,0.5162203856299631,-0.43029019879599284,-0.23744539681385235,-0.2555826443497168,0.20066438992349483,-0.0829042258230751,0.22060997739676286,0.020180732161430986
214,0.7215990058001328,0.6026814530904359,-0.562909806290865,-0.06534540425089153,-0.11716662355159858,-0.12864364381946988,0.17364998983916646,0.21092437147486093,-0.06478027939841208,0.06284209139417897
215,1.1358261090303512,-0.5428274513087773,0.3315889814598077,-0.24442305341514728,0.4767070912371921,-0.03696242290270669,-0.37367042591566213,-0.03940378290540388,-0.21114041976308692,0.34776108970041736
216,0.5431354317340613,0.6258118156664899,0.20253255893085192,-0.32516959837190484,0.08342984878816685,-0.03928100932481699,0.788930568227938,0.02523971156569323,0.10333606033110038,-0.035970676547745585
217,1.5543575235792466,0.2981381441466384,0.0416824584638424,0.6978614057289859,-0.6606733028783002,0.2411426816731899,-0.40280200225683227,-0.06752974483350607,0.5042386653118232,-0.10738062262618676
218,-0.5290920055878154,-0.783742937543038,-0.31131504185854164,0.030715323041925098,0.046947203566763566,0.3072715754327034,-0.10767858535309294,-0.11034651261863546,-0.047436130090199854,-0.13847104370746569
219,-0.9326214052052373,0.10870241077057925,0.3578162099280003,0.028999798979302036,0.15708211492009203,0.04477332956091452,-0.4475564684911503,0.1892329880874357,-0.05374132477831253,-0.14714692151057832
220,-0.5929784187082963,-0.6734737548107572,0.2568412530988976,0.16288422939427327,0.12414403082746557,-0.46375871006938235,-0.01470871108180267,-0.2758110681908775,0.032604722344123746,0.0878108920082033
221,-0.47081410618450065,0.25897336273918636,0.17906676730842466,-0.5387325618857896,-0.10341506443943042,-0.06524867172548865,-0.39216835228051244,0.010245464210091619,0.020824230156687325,-0.15600936123756332
222,-0.32315907489598095,-0.8386971772262695,0.24463423896319514,-0.37245721479376687,0.11313365279348533,-0.1462705065172674,-0.006659126789087057,-0.20959557402444826,0.21371117784286264,0.20985981502507478
223,0.2128641797768186,-0.6196449893240141,0.3781002730740978,-0.5021704069736678,-0.2491575764845164,-0.19138644658330026,0.025233196460973308,-0.05764657141596782,0.08942340385882493,0.3142587132943433
224,-0.5346030005564057,-0.6483542054343299,-0.31707603252792355,0.17557758507049254,-0.010185247410176885,0.24785637076374925,-0.01254713660945281,-0.11878958493771444,-0.044298194367026804,-0.07602289003152536
225,-0.11996432965542082,-0.5984851384422482,0.1821263178721146,-0.36256135114291854,-0.022029608846150035,-0.49005312503756837,0.07726978367838334,-0.10201411816721857,0.08562291536032483,0.04657500589944342
226,-0.09869822181140973,0.5708528929632123,0.15664558810419205,-0.5279166080815446,0.14312389620747906,-0.05375085033065697,-0.3390313868615324,-0.25215818865893425,-0.052902822036137234,-0.1575841261502249
227,-0.7185445930298012,0.6315680170854314,0.2084504680240402,-0.38660837611166676,-0.24876421196326937,-0.2048630846001431,0.08853185350505649,0.18526876433595768,0.03096735727795937,-0.12851758799334378
228,-0.6415916184926226,0.5990815653811101,0.16217556982738762,-0.4682317704322606,-0.20781400395834,-0.07424547121860013,0.06709380662352221,0.22227331132071992,0.12607901343918382,-0.07027353593122043
229,-0.5197556509398723,-0.5619761858270074,-0.3052873731011818,-0.2192104996122339,-0.3959625250861571,0.08635594266655888,0.28970215769700536,0.28201070969364594,0.02828618173019345,-0.004780835720628573
230,1.0607383765159497,0.6163022537374138,-0.29898149912078775,0.14774014244585185,0.17311672789946675,0.003280324147185718,0.3874815579943808,-0.03238482444799758,0.0020667170895742647,0.25877987028281185
231,-0.7695117528534984,-0.05668212135428557,0.29814130058484084,0.23732666850699563,0.1729033618555511,-0.1304694155656617,0.1698454845985873,-0.15269742773773562,-0.08627145836053135,0.08558529517239463
232,0.016569906645655528,0.23723755421694015,0.30561660271939656,-0.2801860643493041,-0.058953734986932495,-0.058015950652960314,0.48486248357004796,0.1309830578113868,0.2805496016046567,0.19355260642442856
233,-0.9806585307943,0.1291920210793533,-0.022635243271723535,0.535872746259149,0.02540820937841556,0.5869379375704561,0.5421013993325128,0.31924948520575175,-0.12508844006440126,0.25030043255145035
234,-1.0111667825288895,0.4411814993998657,0.4025081501075211,0.31275872369878066,0.24349530499443464,0.14496706957269917,-0.21585184972899218,0.1575447449232431,-0.033106796897319386,0.032109752108158154
235,-0.595328794768616,-0.6523054643888314,0.3283195675814167,-0.19796864011511492,-0.0031953069235199152,-0.5398514691544793,0.16665393591792574,-0.18980139563747495,-0.06394979302689752,0.024394374477593708
236,0.014422403059849861,0.5896340879384433,-0.5768770569604813,0.023160696852690673,0.37954565078730845,0.3658639647580168,0.5549922715632212,-0.2292574602962836,-0.07775623610604421,-0.18789912294994657
237,-0.12698837542520472,0.07915585908460071,0.22119228583858822,-0.2553297208410561,-0.0893554371912951,-0.3013154812693187,0.409269875357734,0.04100102240543186,-0.006725001079942325,0.02006628232792318
238,-0.7198681192646758,-0.8580569050172829,-0.19244304494639236,0.2750763060988773,0.07686470193138617,0.35404705316064444,-0.12654041551555284,0.08499953953514965,-0.054005954388786616,-0.04255760573504573
239,0.015377548975787525,0.6833555488059397,0.31700005163147765,-0.4625593289828023,-0.2574779470169763,0.11003272940997191,-0.1455597216971157,0.07024268800573412,-0.05334621835750769,0.05468329181580817
240,2.352185609219515,-0.4630285854308884,1.9484687030768828,0.8913860509407312,0.11518150404423175,0.6870150831666608,0.16876004802942965,0.056369453653097555,-0.1119151566951512,-0.07227522833083755
241,0.5541884125796366,0.011182285121854757,-0.37413446875494866,0.18704421441689975,-0.5115516028440557,-0.2032980473359952,-0.20065934428447843,-0.3278384560655763,-0.09535605754839438,0.2519200377997685
242,0.9661942417701167,0.10953923003525642,-0.14090234564177267,0.25543463561017304,-0.7687076120249435,-0.5176350148779022,0.07705951482081928,0.03759576079634443,-0.3168930669259459,0.26658492925433136
243,0.5372232183753437,0.5050614143500483,-0.25671404119321933,0.3276134961112288,0.37157170544805307,0.020509463561138804,0.350346163390084,-0.10899476589972651,0.1511980772067992,0.07987289238201001
244,-0.6863904542892779,0.4777323420353046,-0.2924217639371741,-0.011331186792645572,-0.3550283650458663,0.3204330012218251,0.7364851844294544,0.24332708011664628,-0.06864840246656553,0.00186099235599465
245,-0.11347452304148166,0.7627823610505633,0.06620441103825363,-0.47036911340600196,0.11448222944336024,0.12896305743464828,-0.16589744287257863,-0.43058751331324197,0.006283886912215947,0.0031297019096888532
246,-0.8389759835826598,0.14813633384179734,0.2916265783335704,-0.1267752130903522,0.10427021060295606,-0.007489538340626004,-0.4122477695167442,0.1392271915484399,-0.029779318671682743,-0.18377515331343927
247,-0.676908221080002,0.19929250680157773,0.21200609792679326,-0.3010512466375106,0.0374450258430682,-0.05251346695059183,-0.40461658567204156,0.05478653598608877,-0.01616693107226099,-0.19356674582017996
248,0.5191583639661307,0.459651368567972,-0.5878699706213089,-0.33105953981608127,0.44087705890673606,0.5060376020408166,0.5614207431382103,-0.1568059105215581,-0.19338593740759583,0.0296894302039399
249,-0.43413690042286956,0.6340343488212263,0.11461036698801454,-0.42201019868147976,0.021052463333191315,-0.007496314278591607,-0.06852914468644242,-0.039621740098291724,0.05076951380031555,-0.10238890023684932
250,0.566205811192338,-0.5912633249461177,-0.5349263320447277,-0.4321165763177966,0.13418309007817705,0.34594483437425794,-0.17299082429586068,-0.12928327281431967,-0.03813494177684312,-0.287789048459644
251,-0.46000372070236195,0.5110352498955725,0.0859798627542349,-0.4972470550466016,-0.05273205456382722,0.10368431414494718,-0.21437085822665083,0.1123113487856795,0.20466913110879706,-0.11967253012456347
252,-0.6535443958794819,-0.8376717196403171,-0.18450494148175234,0.28213230324908645,0.07725216005618027,0.3404804587496501,-0.10953612540669358,0.034855292974737516,-0.047780611985878296,-0.01987311289830449
253,-1.0174450718251713,0.2873801599674638,0.40600590286375593,0.6458965822527937,0.26565959195191524,0.14151577029991624,0.34286663726236966,0.09304744237764852,-0.005301090386014003,0.3566486998108492
254,2.580294596941419,-0.32987690930533575,1.7100799153942972,0.4259887416716366,-0.01775363630110299,0.5265951739903069,0.2409852053421237,-0.26200037901084855,-0.05211814286795133,-0.29762401205799693
255,-0.5103749097707155,-0.8090305371633487,-0.27345448469304134,0.08494591254349435,0.017275907750129067,0.21861721547005866,-0.06427994112594092,-0.10815658184629814,-0.030777590644270665,-0.10046573077892604
256,0.3098204620617742,0.8603075191919922,-0.08253012778204928,-0.6660613181592432,0.34849730208224794,0.31002476904151205,-0.46446519962347393,-0.6209202204623341,-0.16624368120129626,0.1968623868503188
257,0.6327400008484005,-0.5841674788253404,-0.4723963032320366,-0.43522261940299156,-0.3600024765950922,0.26766955932409053,-0.08431768214975165,0.18238567009663845,-0.20139935070275927,0.1661445935714077
258,0.3458449115452843,0.04049181266515997,-0.32588698604581284,0.21882297631910472,-0.4122807837116607,-0.519393194486697,0.13612655535112095,-0.21548751833502353,-0.2075306749584301,0.03793726794858691
259,-0.7089208108535926,0.440429999751534,-0.28610884685524657,0.4003125744654728,0.039668442875502474,0.4215062899663887,0.47340143681517155,-0.1813189372934748,-0.20189941970657826,-0.07780186418832026
260,-0.4101130479727105,-0.14690701308248752,-0.17252932397051005,0.7835452202565917,-0.11696784588979864,-0.4304256086659018,0.02568950333828198,-0.25221741952449767,-0.162167522613651,-0.09283196628166618
261,0.02208277379032882,0.6727793492503871,0.3129457300634391,-0.45107732774449444,-0.24800256298099016,0.1063093626963583,-0.09762384643633888,0.0957676858798898,-0.08894138413782862,-0.009950504480526591
262,-0.02521918517530029,-0.5187444049612174,0.16369863537651602,-0.35107251187542543,-0.15261204573371054,-0.5849361697344999,-0.05438163372842185,0.21827716134434244,0.08534482751894772,-0.2794181231150303
263,-0.8302410739938838,0.5172201875032493,0.26923583977018956,0.02177531929425207,0.14249428755013355,0.04445093804684501,-0.15356862666259538,0.09053191157686732,0.03789580893007625,-0.031619996511816566
264,-0.48351134984623956,1.1075545004597422,0.10977329913562904,-0.24704179549259742,-0.07895292546036675,0.00125452681337992,0.12595603232306574,-0.210826695813932,-0.02927325463982172,0.022834601023055005
265,-0.8704227631148945,0.3749577068497017,0.37546791063428786,-0.03217667279510183,0.12636213934450102,-0.06445574920800774,-0.20331596209908231,0.07361620554641703,-0.11024146779025903,-0.16571046435726902
266,1.0506911960212275,0.1838689883755578,0.02466738424751057,0.3826593437087419,-1.0059458418326528,0.01796118051894848,-0.06257042171246484,0.0771310244128341,0.2852488225819954,-0.1402728844603781
267,-0.6395934675336401,0.06062199557020283,-0.37825838046589366,0.5511704258418882,-0.16243965686706469,0.005063321111175115,-0.12473704230731418,-0.04778698849762589,0.006758720934805911,-0.11038029557002536
268,0.5729988380132539,0.6366873778505011,-0.631188020355857,0.14924197405815495,0.7949443445980499,-0.04553903533567419,0.6394500712359527,-0.1844087640029706,0.7400336550402694,-0.08828221388170304
269,-0.8550322287415454,-0.8977486023395068,0.5212435702639564,0.2802315888927165,0.2833501492296952,-0.14614533259158816,-0.05251795725180262,0.05053323888543779,-0.01879957617980594,0.28882347434482736
270,1.6287012127042246,0.286005711794651,0.2841582425526664,-0.35493257906048553,0.3841403073048775,-0.2426423263942544,0.42078154894126246,0.5425422660539536,-0.4856876575995158,-0.06251624064237207
271,1.554599345566968,0.302086723692293,0.05453669253650539,0.5838077630225084,-0.7942623165051085,0.2167885462450913,-0.31419499011760427,0.10352404914563862,0.5479952955763654,-0.0629487698136121
272,-0.9825082994205028,0.0780015277555871,0.4077280310650341,0.16404831380746326,0.22698185068268495,0.08527760279115595,-0.48824433094802366,0.21301405006554555,-0.08305000727993546,-0.10152059946523306
273,0.7947608985032429,0.007458459371228511,-0.3718573879840616,0.39357476029237914,-0.03772686129643322,-0.20748835394896806,-0.325955143232477,-0.19496521427137475,0.12901662998634494,0.1874553411198881
274,-0.6744389314070214,-0.7044243351750978,-0.2264397967282596,0.3805278636498711,0.03405164340350294,0.3089742953593871,-0.03784840328543088,-0.008600384888587375,-0.04843982854871892,-0.0355865623708675
275,1.361777340162879,-0.3577932335016675,0.27823614078573466,-0.445251941593977,0.3983251390477884,-0.5199694434052266,0.3911033153573978,0.34934717039875574,0.013426450589453708,-0.10493544782819735
276,1.5909301397243663,0.32480629393448046,0.022527832708557637,0.4696839817623756,-0.8569159563704282,0.18184030157195985,-0.2730658541273701,0.10980143823537816,0.5698445218271788,-0.07766440581892037
277,-0.7825280058569876,0.3859691384061039,0.20532590716980428,0.31891456098857496,0.17951004699511636,0.017440329232575477,0.388538863550325,-0.2111059007860439,0.026101326539616707,0.1703535119789073
278,0.4352526403362888,-0.6284134480735482,-0.5597167259201042,-0.48517318570137935,0.1481298532263842,0.23644380678120885,-0.06671946923167815,0.02760422438723857,-0.07330996312993075,-0.3257397169825985
279,1.5912996414410738,-0.3910075160503908,0.2203064141486388,-0.13097411458548686,0.981359101308413,-0.5215037937571873,-0.47221699150094604,0.7050017154453997,-0.4537144171628595,-0.44883120527238873
280,-0.5304036934594849,-0.7520094419056585,-0.3358534589037585,-0.3106366965558213,-0.393987846021568,0.09305412094885529,0.13816513919172482,0.34687111945052,0.08203046515690339,-0.10162103135437081
281,-0.08419198165540025,0.5828510949824621,0.06746813798350716,-0.513307345110688,0.07504376407317113,0.1985196398285182,-0.381949079548343,-0.10240220926195774,0.1330504516999207,-0.10277070283873796
282,0.16785749454301263,0.7335673627488649,0.2542225046918368,-0.4100985986815504,-0.08534907741627093,0.27367674713631057,-0.4702821692586776,-0.42367368997600885,-0.03743135851208809,0.17619326040632752
283,-0.36644974677895453,0.6615275069297823,0.0864319012470812,-0.4457421709251442,0.028460600827809268,0.018776077610485754,-0.1262810564082235,-0.07926493707325193,0.008679189183868116,-0.006073341466724955
284,0.444711528443206,-0.38387525909316267,-0.7162251719972682,-0.22094273133114314,0.5683130022709895,0.36181951248995664,0.017463697678188367,-0.073625266234005,0.15387349121810268,-0.12097380020929144
285,-0.4081435466442329,0.20549580954821559,0.16029698793936026,-0.20449720305579797,0.07094173448849278,0.00763596273672892,0.3867710082327462,-0.14329923085450993,0.10742071582487266,0.13624214946205895
286,-0.6950725705615095,0.45190096623878684,0.29234092916857585,-0.49095877964888085,-0.21508324590261638,-0.18615651595714502,0.009284282832308796,0.25479919990946887,0.0009103660796286009,-0.1826769234171094
287,-0.5130119007608687,-0.7585919280994463,-0.4015082918092332,-0.325575391918501,-0.41155251174523033,0.1508416082701923,0.13199987240743902,0.35128116731200815,0.1577005961049078,-0.025069798862148763
288,-0.5104813509697939,0.657378892838557,0.1935912292351563,-0.3265196660730872,-0.11570231642830327,-0.13692435828601887,-0.06148500048811406,-0.1358634321675026,-0.02744101064692769,-0.17435840127529004
289,1.0338445018799327,0.2816251158057625,-0.5065351803257132,0.18147536838061945,-0.02423837203044492,-0.2315429972970032,-0.23246019088510766,0.1720857550702415,-0.1729771985585663,-0.10588960510746609
290,-0.9684745588735847,0.48999730264000707,0.41069426617888066,0.36168257831974054,0.2151273027737566,0.01281708533748413,-0.20166300275806948,0.0780823408121518,-0.13088800872665346,-0.03624143980550495
291,-0.8222206773586015,-0.8852578562495005,-0.12830372401947973,0.3130665621493126,-0.06919456121862362,0.27794510867012445,-0.07061414845518495,0.40691637159812577,-0.034538945500661396,0.023631697966236268
292,-0.5094324308242747,-0.21007713146831788,-0.3357220171109549,0.6779394225539491,-0.10818751106278332,-0.2180304843653753,-0.12265700369309585,-0.21021021645058424,0.03533117820570068,0.019214752082764512
293,-0.45014659076858526,0.6449520459839528,0.09094036526877318,-0.4361546057058188,0.011898124178119767,-0.003481074741320649,-0.09155216846235262,-0.06844559901728975,0.04199027307937902,-0.04091103514969622
294,0.586766670605558,-0.007020904023827839,-0.3939077105259585,0.4157486604897201,0.057992613323588224,-0.35864097588391364,-0.14135569834611086,-0.1875066457034299,-0.05384638364575988,0.04045262052919749
295,-0.6232738980341289,-0.20866422430089843,-0.2681903952913311,0.7209936312827613,-0.08637995341198755,-0.2331087485973814,-0.0747668815709633,-0.1707011118281447,0.013485115793652214,-0.06361297488643448
296,0.05889482506060709,-0.05842410586352516,-0.30085573631778717,0.2120573181148492,-0.47010671400697684,-0.30441562837836433,0.07830437124624408,-0.34970417154815636,0.04206353192219513,-0.25545371452599125
297,0.19852500770000586,0.69338800777202,0.37282497755389166,-0.46074584922289336,-0.2836945264014926,0.15375152171165846,-0.18628034324436835,0.08712497492733487,-0.06048235554141624,0.07755336116258126
298,-0.6266568327354066,-0.7181322171514858,0.28274599592901056,0.05267529887001565,0.15896604398954403,-0.3476784643599336,-0.07707821898764039,-0.22302071955692288,-0.011380647320153118,0.03229497033072569
299,-0.9302289106637697,0.5203986943407242,0.36038889817234987,0.2280290605911282,0.15071944664602474,-0.02604449835718887,-0.1621985206559148,0.05896281191673624,-0.10536727473016758,-0.07933883183264077
300,1.1102719515816846,0.6080174517700849,-0.5052681344761739,0.10534465774904793,0.1834337700492104,0.0352670681286184,-0.04178494830317659,-0.05634110041372255,-0.1375398373626363,0.04336827709617214
301,-0.6611960667244785,0.31391062057705144,0.18124804866728972,-0.24013922561057455,0.08205773044467592,-0.020929296806906816,-0.25797087180193456,0.04274882582199703,0.08106905319423877,-0.14511081218270236
302,-0.43463840499779416,0.7487631869383662,0.13998799227492886,-0.3670017175926227,-0.06926956281049045,0.025570376314110056,-0.04221575203471894,-0.12156988246216174,0.06254208706584007,0.05501631023028315
303,0.9137966874613935,0.15178766023945073,-0.11583833667132808,0.6657987041040327,-0.39796358542120625,0.03511739291391549,-0.3062634476581157,-0.09599073066295542,0.2233294610453061,-0.005667441342267451
304,0.5924379806991291,-0.6297481388639274,-0.16761778210047582,-0.3469959137263929,-0.4328890502471689,0.26797968561840946,0.09738641445959362,0.17113653891172767,-0.14286585164376406,-0.21623396779466783
305,-0.5721573603772332,-0.17777422773601392,-0.32287979332902567,0.5877242579587578,-0.13786307548993032,-0.2754994548810145,-0.036611027240130996,-0.18172484379596324,0.027164235912936614,-0.08051743059939634
306,0.6215103300027036,0.05819500150132725,-0.508488596301523,0.0026748255923380185,-0.2904854272179129,-0.4996816377915635,0.12112895800904114,0.08019797726322439,0.08097613182545835,0.08000811222471652
307,1.3770185759467322,0.3969396102277093,-0.21266471421071342,0.14336398438003034,-0.6094144959917903,0.36402318670827044,-0.5694099223024673,-0.3941596209639365,-0.26751398909999996,0.4560710133381432
308,-0.5901755279833127,-0.20361927028976676,-0.29173434756362143,0.6239815072467692,-0.1440710753206708,-0.3349840149121372,-0.01764379211029702,-0.18327186207589735,-0.0014938665287411532,-0.07709628970977651
309,-0.7518120169304994,-0.6205140434836602,-0.27287071869093726,0.4405802202495714,0.041416045858431914,0.4083258728970714,-0.003851389198117625,0.10170210307588474,0.009119012648345238,0.07086910154524947
310,-0.3652983294818396,-0.5247036744679625,0.25103478566919135,-0.15739081678994576,-0.09142005008595849,-0.47607534683962854,0.13421439862581824,-0.24923035342565225,0.005525122033764911,-0.014350648036016805
311,-0.8784293070222338,-0.7193844565447153,0.5215750725305618,0.444690692815998,0.27858284247622006,-0.23247529590880292,0.10492451787116314,0.016185321885835803,0.058808268430601496,0.38521734521907114
312,-0.6065615988218153,0.6005322703325662,0.20378305523458068,-0.4805633982060999,-0.21532043086370298,-0.12843872690017405,0.030016100939689722,0.3426736271202472,0.22980973614168046,-0.09350650460565198
313,0.7739098809467453,0.38702334079253553,-0.5421150423152685,0.1467357448373566,-0.031789792258832036,-0.045387024424424265,-0.060789933881069964,0.08138993215979062,-0.0020503718157692326,-0.23537665558733373
314,2.522817826217912,-0.364548770288614,1.7656663946798026,0.5724939691577118,0.045550900777105316,0.5739676908333063,0.20127562202021224,-0.22311967396382273,-0.07591032759880514,-0.25682606002944597
315,-0.7262012603148416,-0.8693167365802364,-0.26674060612087336,0.3312113037467222,0.04081067477457325,0.33493864119709293,-0.1609975988500528,0.10237962001367457,0.010494095044206682,-0.009498370240734187
316,0.5411548568779563,-0.36098103652189495,-0.39455298276527273,-0.29126734619550365,-0.38499746333264445,0.3378870950693677,0.15407812593330233,0.11179151553069776,-0.014167231184688869,0.028148439666019313
317,-0.11686083537003185,-0.49627906690836415,0.332618429263365,-0.2830453944704324,-0.2947395081131254,-0.4890885921503462,0.22202207542378216,-0.1327811505770588,0.07883924470061526,-0.012170578513187896
318,-0.14740518246714615,0.4068502288035673,0.20554916704867796,-0.565510578864636,-0.246662908964116,0.03230982638076057,-0.30122698518010166,0.08125445853868593,0.020873506593572674,0.08240042061712842
319,-0.8151579156412366,-0.8983714924204503,-0.19167293751118653,0.3022262318210262,-0.07933040418672625,0.3505325104180346,-0.07216545218254047,0.41351205023832993,0.0306454027888461,0.10666693474157238
320,-0.13968400084530944,-0.5794857277402902,0.11721305687555836,-0.11011064340379832,0.1847198599681704,-0.5547056911764198,0.05569327571872992,-0.26365556670083096,0.11895760661318175,0.0699916980425274
321,0.5724358299581467,0.029015929868340225,-0.21527661912621474,0.5009172342911608,-0.12524800619708878,-0.4167900627968072,-0.03211581749531764,-0.3086326351853663,-0.18130719452519942,-0.039922862648292826
322,-0.735409127334964,0.5527008782451044,0.23602063443732108,-0.13083895968073284,0.03739632320702818,0.015570852914413588,-0.10000534640132194,0.019433977529905864,0.04259342499945171,-0.09410614925396567
323,1.3808016934494425,0.42895695826231905,-0.4604649204000251,0.039385038183608126,-0.6519792410157075,0.07068472847382569,-0.36809720972826954,0.31641357033285483,-0.2524715919158261,0.7489169133535873
324,-0.9937970822686896,0.4557728901871366,0.38257856958208364,0.2240033019258257,0.1730878450375978,0.11869258152410252,-0.17088734657648647,0.19263042406914097,-0.0019875824991363823,0.021252206550905352
325,0.20347110912761945,0.7763972963634183,0.02454118429971446,-0.5421194772986475,0.2904071059864642,0.18763281320870442,-0.33583253804022556,-0.4303789599982581,-0.042654491961024006,-0.018548747036930605
326,-0.5874270806687716,0.5844060058221701,0.15280853116437948,-0.19343474391805165,0.14708345384060623,0.010193973344887091,-0.12484018698139636,-0.03175870909475025,0.052829983225033496,-0.08132116458892785
327,-0.9193229422610065,0.5956328784795627,0.3181759613188829,0.19480965521696797,0.18040575020296423,0.10388351598526219,-0.07389954826759691,0.05781735350834728,0.004346909525466201,0.03025038719173353
328,0.44493340269338405,-0.3597729264846106,-0.5515267259361386,-0.34967775065747814,0.09074667084342102,0.4624599535119522,-0.0032569396647783,-0.28469632002587325,-0.03371959252194917,-0.09016113548869158
329,0.5427458248643067,-0.004398007407487071,-0.42464793279988033,0.1979812904985904,-0.48780397526435404,-0.3285093714770365,-0.08769582143444477,-0.04894424341562361,0.05927685922043095,0.2946591060808516
330,-0.6149208972394313,0.6039129548642344,0.1817934767992251,-0.47026746657806584,-0.2096276455255741,-0.07199003957222945,0.06316441811700546,0.20795733695251747,0.14339880036536384,-0.07071306247201736
331,0.3781654286258841,-0.5408230418910039,-0.3566416261144838,-0.3690571845880133,-0.13140547522689217,0.32175829259486616,-0.19981390539642035,-0.3520719488121963,-0.15019592323636233,-0.05963812297828705
